NA ne	IN dtp	714
ID NA sr	ID	510
IN dtp	IN dtp	1157
NA sr	NA sr	37
IN	IP	818
NA sr	NA sr	487
NA	OP av	83
MT	MT	490
IP	IP ds	876
IN	NA IP	486
IN IP lt ds	IN IP lt ds	164
IN	IN dtp	704
IP	IP	762
OP rv	IN dtp	764
NA IN nb dtp	IN dtp	1187
NA ne	NA ne	1056
NA ne	NA ne	585
LY NA nb	LY NA nb	545
IP ds	IP ds	1066
IP ds	IP ds	71
ID	ID	139
NA ne	NA ne	1059
IP ed	OP ob	903
ID	ID	715
IN IP ds	IP ds	13
NA IN dtp	IN dtp	241
IP ds	IP ds	976
IP ds	IP ds	1172
IP ds	IP ds	645
IN dtp lt	IN lt	655
ID	ID	278
MT	MT	1003
NA	NA	742
IN dtp	IN dtp	1165
IN dtp	IN dtp	1085
NA ne	NA ne	485
HI re	HI re	1041
NA	NA nb	877
OP rv	ID	1124
ID	IP ds	451
OP rs	NA OP	610
IN	IN dtp	792
NA HI ne		457
OP IP rv ds	IP ds	1230
ID	ID	308
ID	ID	421
SP it	OP ob	616
NA	IN dtp	506
IN	HI OP av	574
IN lt	IN lt	351
IN dtp	IN	867
NA ne	NA ne	313
IN dtp	IN dtp	606
ID	ID	452
NA ne	NA ne	572
IP ds	IP ds	273
MT	MT	511
NA nb	NA	500
IP ds	IP ds	203
NA nb	NA	105
MT OP rv	MT OP rv	1068
IP	IP ds	1148
IP	IP ds	416
MT IP ds	OP av	899
OP	OP ob	555
NA IN ne dtp	OP IP rv ds	1118
OP av	IP	257
IN dtp	IN	102
HI IP ds	IP ds	118
NA IP ne	IP	968
ID	ID	467
ID	ID	7
NA sr	NA sr	522
IN	IP	748
MT IN fi	MT IN fi	533
NA HI nb re	NA HI nb re	1025
IP ds	IP ds	598
OP av	HI OP av	1171
IN	IN dtp	515
IN	IN	777
MT	MT	312
OP rv	OP IP rv	759
IN dtp	IN dtp	855
NA IP nb	NA IP nb	870
MT IP ds	IP ds	528
SP it	SP it	829
OP IP av	IP ds	1196
MT	MT	1219
NA	NA ne	445
IP ds	IP ds	859
IN en	IN en	447
IN IP lt	IN lt	669
HI IN lt	IN	918
NA IP	NA IN dtp	232
IP	IP ds	1186
NA nb	NA nb	453
IP ds	IP ds	460
MT IP ds	MT IP ds	352
NA IP nb	NA IP nb	428
NA IN ne dtp	IN dtp	331
IP	IP	1240
NA IP nb	NA ne	1032
NA IN	IP ds	254
ID	ID	743
ID	ID	55
MT	MT	518
IN en	IN en	19
IP ds	IP ds	810
ID	ID	844
OP ob	OP ob	593
NA ne	NA ne	137
IN en	IN en	901
MT HI	HI IP ds	950
IP	IP ds	132
IN lt	IN lt	186
NA ne	NA ne	589
IN dtp	IN dtp	401
IN dtp	IN dtp	605
IN dtp	IN dtp	197
IP	NA ne	847
NA nb	NA nb	315
IN dtp	IN	1182
IN dtp	IN dtp	640
IN IP lt ds	IN IP lt	20
IP	IP	1107
IP ds	IP ds	541
NA nb	NA nb	162
LY	LY	324
IP	IN dtp	1170
IN IP	IN	476
NA ne	NA ne	1026
ID OP	ID	446
IN dtp	IN IP	667
IP ds	IP ds	1197
IN	IN	729
OP rv	IP ds	449
ID OP rv	ID	1013
LY	LY	862
IN en	IN en	826
IP ds	IP ds	1075
HI	HI	614
NA ne	NA ne	653
NA nb	NA nb	1198
MT	MT	897
NA ne	NA ne	1033
IP ds	IP ds	1046
IN dtp	IP ds	223
ID	ID	780
IP ds	IP ds	153
IP ds	IP ds	113
NA IN dtp	IN dtp	988
MT IN fi	MT IN fi	1087
IN	IN	414
IN IP lt	IN lt	1232
LY	LY	1027
MT HI	IP ds	418
IN	IN lt	1092
IP ds	IP ds	1112
NA sr	NA sr	1142
NA nb	OP	52
ID	ID	692
NA ne	NA ne	662
HI	HI IN	147
IP ds	IP ds	584
IN IP dtp ds	IP ds	978
IP ds	IP ds	16
IN en	IN en	835
IP ds	IP ds	121
NA ne	NA ne	1120
SP IN ra	OP	838
MT	MT	17
SP	IN	596
NA ne	NA ne	531
HI	IN	888
IN en	IN en	916
NA ne	IP	550
ID	OP ob	43
ID IP ds	ID	709
NA OP nb rv	NA nb	562
NA ne	NA ne	1139
OP rv	IP ds	144
NA IP ed	NA OP	387
NA ne	NA OP ne ob	922
IN dtp	IP ds	741
IN IP dtp	IN IP dtp	227
OP rv	OP rv	990
MT	MT	914
HI IN lt	IN dtp	131
NA nb	NA OP ob	987
NA ne nb	NA ne	846
MT OP rv	OP rv	625
IN	IN	942
IN dtp	IN dtp	1036
MT HI	NA	393
IN dtp	NA IN	502
IN dtp	NA nb	728
NA	OP	1146
NA ne	NA nb	1149
OP rv	OP rv	306
NA ne	NA ne	237
IP	IP ds	563
IN en	IN en	1234
MT HI	HI	695
HI re	HI re	745
IP ds	IP ds	65
NA ne	NA ne	163
IN ra	IN	924
IP ds	IP ds	800
NA ne	NA ne	388
IP	IP ds	58
NA ne	NA ne	135
NA ne	NA ne	334
ID	ID	749
ID	ID	1138
NA IN nb	IN dtp	417
NA nb	NA nb	776
IP	IP ds	904
NA OP nb rv	OP rv	209
MT IP ds	IP ds	489
NA nb	NA nb	1076
IN ra	IN	57
OP	NA nb	958
IN	IN dtp	963
MT	MT	763
IP	IP	900
HI IN dtp	IN dtp	343
IP ds	IP ds	525
NA nb	HI IN	884
IP ds	IP ds	159
NA ne	NA ne	706
IN en	IN en	939
IN lt	IN lt	155
IN dtp	IN dtp	50
IN	IN en	501
NA nb	NA nb	276
MT IN fi	MT IN fi	1208
ID	ID	1044
IN dtp	IN dtp	304
IP ds	IN IP	379
IP ds	IP ds	993
IN dtp	IN dtp	473
HI IP	HI	701
NA IP nb	NA nb	1200
IP	IN dtp	973
NA	ID NA	1117
OP IP rv ds	IN dtp	1160
NA ne	NA ne	539
ID	ID NA nb	409
ID	ID	646
IP ds	IP ds	789
IP ds	IP ds	955
ID NA sr	NA sr	1163
OP rs	OP rs	1047
HI	HI	530
IP ds	IP ds	1089
NA nb	NA nb	337
IP ds	OP	1221
IN	NA ne	477
HI re	HI re	320
IP	IP ds	1055
IN dtp lt	IN	195
HI	HI	1223
LY	LY	970
IP ds	IP ds	265
IN OP av	IN dtp	332
NA nb	ID	285
NA ne	NA ne	243
NA HI nb re	NA HI re	1188
NA OP nb rv	OP IP rv	291
IP ds	IP ds	108
NA IN ne lt	IN	400
ID	ID	992
IP ds	IP ds	1042
IP	IP ds	953
NA nb	NA nb	427
OP	OP	1225
IN dtp	IN lt	441
IN lt	IN	843
ID	ID	1081
ID	ID	1039
IP ds	IP ds	1034
IN lt	IN lt	200
IP	IP ds	1062
ID	ID	731
ID	ID	878
IP ds	IP ds	814
NA sr	NA sr	101
NA OP nb rv	NA OP nb rv	962
NA ne	NA ne	599
IP ed	NA OP	699
IN dtp	IN dtp	921
SP NA it	SP it	287
SP NA it nb	NA nb	1202
NA sr	NA sr	270
NA ne	NA ne	386
IP ds	IP ds	301
IN en	IN en	66
IN IP dtp	IP ds	36
NA ne	NA ne	986
IN dtp	IN dtp	790
IP ds	IP ds	426
IN OP en rv	IN dtp	29
OP IP rv ds	OP IP rv ds	937
ID	ID	956
IN dtp	IN dtp	913
NA ne	NA ne	747
NA IP nb ds	NA OP nb rv	889
IP	IN dtp	995
IP ds	IP ds	804
IN IP dtp	IN dtp	1127
IN	IN	966
IP	NA nb	885
ID	ID	1021
IN lt	IN lt	600
NA HI nb re	NA HI nb re	590
ID IP	ID	621
OP IP rv ds	OP rv	824
ID	ID	425
OP ob	OP ob	1164
IN OP av	IN	355
IP	IP ds	106
NA nb	NA IP nb	860
NA nb	NA nb	1114
NA IP nb ds	NA IP ds	676
IN dtp	IN dtp	293
IP ds	IP ds	768
ID	ID	1179
ID	ID	581
IN dtp	IP ds	1067
NA ne	NA ne	1167
IP	IP ds	233
NA ne		1054
ID	ID	1016
HI re	HI re	78
NA ne	NA ne	1103
IN	IN dtp	448
NA ne	NA ne	705
IP ds	IP ds	438
NA IN ne dtp	NA ne	828
MT	MT	819
NA sr	NA sr	936
NA sr	NA sr	370
LY	LY	479
OP		700
NA nb	IP	507
OP rv	MT OP rv	791
OP ob	IP ds	760
IN IP dtp	IN dtp	1006
NA ne	NA ne	51
IP ds	NA	1237
LY	LY OP	260
SP it	OP rv	874
OP rv	OP IP rv ds	678
IN en	IN en	219
IP ed		842
IN	IP ds	658
MT	MT	1140
IN IP dtp	IP ds	193
IP ds	OP IP rv ds	736
IN dtp	IN dtp	252
ID	ID	630
SP	IN	911
HI	IP ds	981
IN	NA IN ne	302
IN	IN dtp	1128
NA IP ne ds	NA IP	815
IP ds	IP ds	402
IN	IN	896
IP ds	IP ds	945
IN dtp	NA IN	138
NA nb	NA nb	236
NA ne	NA ne	1213
OP rv av	IP ds	429
IN dtp	IP ds	775
NA ne	NA	372
IP ds	IP ds	965
IP ds	IP ds	928
NA ne	NA ne	4
IN en	IN OP rs	384
OP IP rv ds	OP IP rv ds	1029
OP IP rv ds	OP rv	0
NA OP nb ob	NA OP nb	396
IP	IP	972
MT IP ds	IP ds	989
IP	IP ds	702
NA IN dtp	NA IP	299
IP	IP ds	765
IP ed	NA OP ne	571
IN dtp	IN dtp	514
NA nb	NA nb	943
OP	OP ob	1201
IP ds	IP ds	1024
NA ne	NA ne	5
NA IP ne ds		873
ID	ID NA	734
HI	HI	628
NA OP nb av	NA nb	150
NA sr	NA sr	30
HI OP rs	OP rs	618
IP	IP ds	620
IP	IP ds	190
NA	NA	92
MT	MT	347
IP ds	IN dtp	81
NA	NA ne	864
IP ds	IP ds	349
NA ne	NA ne	498
IP ds	IP ds	455
IP ds	IP ds	382
ID	ID	283
NA ne	NA ne	148
IP	LY OP	961
IN OP dtp rv	NA OP nb rv	687
NA nb	NA nb	588
OP IP rv ds	IP ds	1145
NA ne	NA IN	1094
IP	IP ds	949
IP ds	IP ds	383
IN	IN	32
NA ne	OP rv	1224
IP ed	OP IP ob	263
LY	LY	858
OP rv	OP rv	910
HI	HI	182
NA IN sr dtp	NA ne	752
IN dtp	IN dtp	420
IN	IP	641
NA IP nb	NA IP	619
IP	IN	280
NA nb	NA nb	1153
NA IP ne ds	SP NA it	685
IP	NA	127
ID	ID	1238
NA nb	NA nb	493
IP ds	IP ds	368
IN dtp	IN dtp	1204
IN dtp	IN dtp	300
HI OP re av	HI	1178
IP ds	IP ds	1121
MT		82
NA	NA ne	1108
IP ds	IP ds	342
NA ne	NA IP ne	509
IN en	IN en	698
HI	IN IP dtp	199
IN dtp	IN dtp	96
OP ob	OP ob	940
IP	IN dtp	796
NA ne	NA ne	786
IP ds	IP ds	1091
IN	IN	461
ID	ID	325
IP ds	IP	569
IN dtp	IN dtp	134
NA IP ne	IN dtp	481
IN	NA ne	1070
IN dtp	IN IP	726
ID	ID	1084
IN dtp	IN dtp	322
IP	IP ds	125
IP	IN IP	423
MT IN fi	MT IN fi	639
NA ne	NA ne	398
IP ds	IP	586
IN dtp	IN lt	380
NA OP	NA ne	6
NA nb	NA nb	333
IP	IN IP dtp	1129
NA HI nb re	NA HI nb re	437
IN dtp	NA nb	151
MT	MT	1236
IP ds	IP ds	696
IN	NA ne	173
NA OP nb av	OP av	538
NA nb	NA nb	74
ID	ID	198
IP ds	IP ds	558
HI IN	IN dtp	677
IN dtp	IN dtp	710
NA HI nb re	HI re	288
IP ds	IP ds	1019
ID	ID	594
IN OP dtp ob		1235
IN dtp	IN dtp	245
IP ds	IP ds	317
IN lt	IN lt	202
IP ds	IP ds	1011
NA ne	NA ne	169
OP rs	OP ob	240
OP IP rv ds	IP ds	1113
ID	ID	234
IN dtp	IN dtp	679
NA ne	NA IN	675
IN dtp	IN dtp	626
ID	ID	861
IP ds	IP ds	1226
IP	NA IP	129
IN dtp	HI IN dtp	856
IP	IP ds	737
IP ds	IP ds	268
IP ds	OP IP rv ds	72
IN dtp	IN dtp	185
OP rv	OP rv	286
NA ne	NA ne	395
IN dtp	IP ds	458
IP ds	IP ds	1239
IN	IN dtp	1005
IP ds	IP ds	107
NA OP nb av	HI OP av	674
MT		999
MT	MT	443
NA	NA nb	3
ID	ID	444
NA HI nb re	NA HI nb re	49
IN	IN	1205
NA OP nb av	IP ds	354
IP ds	IP ds	26
IN OP dtp rv	IN OP rv	98
NA HI nb re	NA HI IP nb	532
NA ne	NA ne	540
MT IP ds	IP ds	634
NA ne	NA ne	615
IP ds	IP ds	812
IP	IP ds	969
NA ne	NA ne	47
IP ds	IP ds	281
MT IP ds	IP ds	1078
NA nb	IN	638
NA ne	NA ne	627
IN ra	IN en	802
IP ds	IP ds	14
ID	ID	750
OP IP rv ds	IP ds	1147
IN	HI OP av	67
IN IP dtp	IN	668
IP ds	IP ds	974
HI IN en	IN	210
IN	IN IP	492
ID	ID	567
OP rv	OP rv	1233
OP ob	NA OP ob	941
NA IP nb	NA IP nb	85
IP ds	NA	841
HI	HI	830
ID	IN dtp	117
IN dtp	IN dtp	261
IN dtp	OP rv	1050
NA IN dtp	NA nb	1150
NA	ID	1176
IP ds	IP ds	88
IP ds	IP ds	407
IN dtp	IN IP	1060
IN dtp	IN dtp	1229
IP ed	IP ds	38
OP ob	OP ob	2
OP rv	IP ds	39
OP av	IP ds	1161
IN ra	IN dtp	346
NA HI nb re	NA HI nb re	1031
IP	NA ne	124
IP ds	IP ds	178
HI OP re ob	NA nb	339
IP	IP ds	754
NA nb	NA nb	205
OP IP rv ds	OP IP rv ds	595
IP ds	IP ds	246
IN dtp	IN dtp	758
NA sr	NA sr	369
ID	ID	217
NA IP ne ds	NA ne	521
MT	MT	231
IN	IN	410
IN	NA IN	512
HI	IP ds	189
IP	HI OP av	238
IP ds	IP ds	991
ID	IN	1102
NA nb	NA nb	1218
IN dtp	IN IP ds	652
IP ds	IP ds	167
IN dtp	IN dtp	580
IN OP av	HI	95
LY NA nb	LY NA	803
IP ds	IP ds	894
IN dtp	IN dtp	70
IN en	IN en	839
ID	ID	577
HI IN	HI IN dtp	708
IP	IP	184
IP	IN dtp	405
MT IP ds	IP ds	289
IP ds	IP ds	905
NA sr	NA IN dtp	152
NA ne	NA ne	68
OP IP rv	IP ds	944
NA IN dtp	NA ne	363
IP ds	IP ds	1083
IN	IN	272
OP ob	OP	1131
HI re	HI re	228
OP rv	NA	415
NA IN dtp	IN dtp	1109
NA sr	NA sr	631
HI re	HI	86
ID	ID	1065
SP OP av	NA nb	761
MT	MT	376
ID	ID	358
IP	IP ds	684
IN ra	IN dtp	284
IP ds	IN dtp	887
NA ne	NA ne	721
IP ds	IP ds	967
IN	IN dtp	204
ID	ID	482
ID	ID	255
HI IN en	IN dtp	154
ID	ID	960
IP ds	IP ds	93
NA ne	NA ne	264
NA ne	NA ne	259
HI IP ds	IP ds	1177
OP IP rv ds	OP rv	353
NA ne	NA ne	171
HI	HI	422
MT IP	IP ds	390
IN en	IN en	578
IP ds	IP ds	753
NA nb	NA sr	505
NA OP	IN dtp	258
IN dtp	IN	298
IP ds	IP ds	381
IN en	IN en	365
IN IP fi ds	IP ds	517
IN dtp	IN dtp	361
IP ds	IP ds	617
OP rv	OP rv	1028
IP	IN dtp	806
IN dtp	HI	686
IP ds	IP ds	1111
OP rs	OP rs	822
IN dtp	IN dtp	664
NA nb	NA IN	242
HI	HI	1035
OP rs	OP rs	787
IP ds	IP ds	54
NA ne	NA ne	1049
IP	IN	266
NA OP nb av	ID	821
OP ob	IN	608
NA nb	NA nb	648
IN dtp	IN en	201
MT OP rv	OP IP rv ds	565
IN lt	IN lt	871
ID	ID	311
IP ds	IP ds	882
IP ds	IP ds	215
NA IP nb ds	IP ds	1193
MT	MT	564
IN dtp	IN dtp	251
IP ds	IP ds	1174
IN		295
IN	OP rs	327
IP ds	IP ds	377
NA	IN IP	998
IP ds	IP ds	179
NA ne	NA ne	24
NA nb	IP	321
IP ds	IP ds	1152
NA nb	IP	165
IP ds	IP ds	1104
IN IP lt ds	IP ds	290
ID	ID	459
IN	IN dtp	909
HI	HI	392
IP ds	IP ds	435
NA OP nb rv	NA OP nb rv	218
NA IP nb	NA nb	1052
NA nb	OP ob	1004
NA nb	NA nb	104
IP ds	IP ds	403
IP ed	NA OP	603
IN en	IN en dtp	271
IP ds	IP ds	635
OP rv	OP rv	143
OP IP av	IP ds	693
IN	IN IP	319
NA ne		463
IN	IN lt	929
IP ds	IP ds	1061
IN dtp	IN en dtp	720
NA nb	NA nb	977
IN lt	IN IP lt	1018
NA nb	IP	1184
IN dtp	IN dtp	660
NA	IN dtp	1072
IN ra	NA OP	208
IP	IP	73
NA IP nb ds	NA nb	587
IP	NA IP ne	468
OP rv	OP rv	1222
IN en	IN en	1023
SP OP it	NA	811
IN lt	IN lt	930
ID	ID	895
ID	ID	156
NA ne	NA ne	643
IP ds	IP ds	1015
IP ds	IP ds	76
IP ds	IP ds	1122
IP ds	IP ds	994
IP ds	IP ds	1101
IP ds	IP ds	122
ID	ID	1098
NA OP nb av	NA nb	833
NA ne	NA ne	816
NA ne	NA ne	932
OP rv	OP rv	111
ID	ID	1063
IN IP dtp ds	IN IP dtp ds	886
IN dtp	IN dtp	374
HI IP	HI IP	99
IN en	IN en	644
IP ds	IP ds	344
MT	IN	411
NA nb	NA nb	213
IN	IN dtp	1181
IP ds	IP ds	663
ID	IN dtp	732
IN dtp	IP ds	371
IP	IP ds	794
IN lt	IN	1
IP	IP ds	526
NA ne		591
OP rv	OP rv	296
NA ne	NA ne	385
IP	IP ds	97
NA IP ne	NA nb	688
IN dtp	IN dtp	168
NA OP nb rv	NA OP nb rv	782
IP	IP ds	730
IP ds	IP ds	902
MT IP ds	MT IP ds	985
NA IN	IN	560
IP	IP ds	1053
OP rv	OP rv	253
NA nb	NA	1156
ID	ID	397
NA ne	NA ne	665
ID	ID	1106
NA ne	NA ne	597
NA ne	NA IN ne	724
NA		1097
NA ne	IN dtp	657
OP rv	OP rv	691
NA OP nb rv	NA OP nb rv	1038
NA	OP rv	845
ID	ID	1057
ID	ID	194
NA	NA nb	553
IP	IP	1119
MT IN fi	MT IN fi	1185
IP ds	IP ds	823
OP av	OP IP	912
IN dtp	IN dtp	491
NA sr	NA sr	1180
IN dtp	IN dtp	183
OP rv av	OP IP av	1069
SP NA it	SP it	809
IP	IP ds	551
MT OP rv	MT OP rv	188
NA OP	OP	546
IP	IP ds	220
NA ne	NA ne	100
IN OP dtp rv		925
NA	NA	75
NA nb	OP	330
IP	IP ds	366
NA nb	NA nb	840
ID	ID	424
IP ds	IP ds	1169
IN dtp	IN dtp	8
OP rv	OP rv	326
HI	HI	642
IN	NA ne	649
NA nb	NA nb	891
IP ds	IN IP ds	671
IN lt	IN lt	629
NA nb	NA OP rv	109
NA IP ne ds	NA ne	875
ID	ID	529
ID	ID	1168
NA HI nb re	HI re	84
IP ds	IP ds	267
IN dtp	IN dtp	497
IP ds	IP ds	524
IN dtp	IN en	211
SP NA it sr	SP NA it sr	341
NA	NA ne	935
ID	IP	1064
IP	IP	865
IP ds	IP ds	229
OP ob	OP ob	624
IN dtp	IN IP dtp	357
OP ob	OP ob	1110
IP ds	IN dtp	225
IP ds	IP ds	362
NA ne	IN dtp	1183
NA nb	IP	110
IN dtp	IP ds	145
MT	MT	433
NA IP ds	IP ds	432
NA ne	NA ne	419
HI IN dtp	IN dtp	869
IP ds	IP ds	771
IN	IN	1002
IN dtp	IN IP dtp	957
IN dtp	IN en	527
IN dtp	IN dtp	881
IN dtp	IN dtp	523
IP ds	IP ds	711
IN	IN	328
ID IP	ID	1000
IP ds	IP ds	656
IP ds	IP ds	837
NA ne		672
IN dtp	NA IN	235
NA	NA ne	279
IN dtp	NA IN nb dtp	825
NA HI nb re	NA nb	42
NA nb	NA nb	537
IN	IN dtp	746
NA ne	NA ne	504
IN	IN	984
NA nb	NA nb	1175
IP ds	IP ds	181
NA nb	ID	559
IP ds	IP ds	499
ID	ID	87
NA	NA nb	503
NA nb	NA IP nb ds	1073
OP IP rv ds	IP ds	1040
NA ne	NA ne	788
ID	ID	1077
IN dtp	IN dtp	1215
ID	ID	1211
NA IN nb dtp	NA ne	323
ID		170
IP ds	IP ds	464
IN	IN dtp	439
IP	IP ds	12
ID	ID	292
IP ds	IP ds	274
IN IP	IP ds	725
NA ne	NA ne	923
ID	ID	784
IP	IP	196
NA nb	NA	336
IN dtp	NA nb	1134
IN lt	IN lt	632
IP ds	IP ds	22
IP ds	IP ds	623
MT	MT	951
NA nb	NA OP nb	542
OP IP av ds	IP ds	983
MT IP ds	IP ds	637
OP	NA OP nb	18
IP	IP	244
ID	ID	1095
NA nb	NA nb	1093
IN dtp	IN dtp	582
NA ne	NA ne	496
HI re	NA HI nb re	27
ID	ID	430
NA IP nb	ID	116
NA nb	NA nb	831
IP ds	IP ds	906
OP rv	OP rv	849
NA nb	NA nb	119
NA ne	NA ne	1194
IN en	IN en	40
IP ds	IP ds	63
ID	ID	149
NA IP	NA IP nb	356
IN	IN dtp	172
IP ds	IP ds	673
IN dtp	IN dtp	735
ID	ID	933
IP ds	IP ds	1155
IN dtp	NA ne	959
IP ds	OP IP ds	682
NA HI nb	NA HI nb	817
IN en	IN dtp	64
HI IN	IN	785
IN	IP ds	1228
NA nb	NA nb	795
IP	IP ds	15
SP IN	IN	690
IP ds	IP ds	359
SP	OP	335
IN lt	IN IP lt ds	850
IN dtp	IN IP dtp	212
IN IP ds	IP ds	548
NA nb	NA nb	707
OP ob	OP ob	142
IN lt	IN lt	561
NA	ID NA	1203
IN dtp	HI IN dtp	767
IP ds	IP ds	1209
NA ne	NA ne	216
IN	IN IP dtp	1130
IN ra	IN	314
OP ob	IN lt	848
IP ds	IP ds	1100
IN dtp	OP	1014
ID	ID	781
NA sr	NA sr	1115
NA nb	NA nb	60
IP	NA IP	46
IP	IP	176
NA ne	NA ne	879
NA ne	NA	1141
IP ds	IP ds	647
IP ds	IP ds	80
MT	MT	583
OP rv	OP IP rv	61
IP ds	IN IP	480
IN	NA IN	11
ID	NA ne	1137
NA HI nb	ID	307
ID OP rv	OP rv	722
OP ob	OP rv	1144
IN dtp	IN dtp	91
IN lt	IN lt	898
IP ds	IN dtp	1231
NA ne	NA ne	920
IN dtp	IN dtp	554
IN en	IN en	854
IP ds	IP ds	964
OP	OP ob	1090
MT	MT	1096
ID HI	ID	350
IN lt	IN lt	1191
IP	IP ds	1199
NA ne	NA ne	1125
IN dtp	IP ds	680
ID	ID	1007
IP ds	IP ds	1043
NA ne	NA ne	807
ID	IP	573
HI	HI	1048
OP rv	OP rv	1159
IN IP dtp	IP ds	316
IP ds	OP IP rv ds	654
IN dtp	IN dtp	9
IP ed	NA ne	890
MT OP rv	MT OP rv	931
NA OP nb av	NA IP nb	62
IP	IP	206
OP rv	OP rv	892
NA IN en	IN en	694
MT	MT	1079
IP ds	IP ds	1136
NA sr	NA sr	488
MT	MT	1206
ID	ID	389
ID	ID	1173
IP ds		813
NA nb	NA nb	222
HI	IN dtp	834
IP ds	IP ds	77
IN dtp	HI IN dtp	534
IN dtp	IP ds	907
IP ds	IP ds	1022
OP rv	OP rv	462
IN dtp	IN dtp	744
OP IP rv ds	OP IP rv ds	575
NA IN	NA	650
IN IP dtp	IN dtp	465
NA	IP ds	440
OP ob	OP ob	519
NA nb	NA nb	1132
ID	ID	579
IN OP dtp av	HI IN dtp	797
IP ds	IP ds	120
IN	NA ne	1086
MT	MT	166
ID	ID	853
NA	NA ne	1135
OP ob	OP ob	808
ID	ID	1123
IN dtp	IN dtp	773
IN lt	IN lt	44
HI	IN dtp	659
OP IP rv ds	IP ds	348
IP ds	IP ds	954
NA IP nb ds	NA HI nb	1020
NA ne	NA ne	53
IN dtp	IN dtp	115
HI IP	IP ds	552
ID	NA nb	556
OP rv	OP IP rv ds	774
MT	MT	733
NA IP ne	IP ds	1126
IN IP dtp ds	IP ds	997
ID	ID	799
IN lt	IN lt	872
IN IP dtp	IN IP dtp	391
NA nb	IP ds	140
ID	ID	1009
MT IN	IN dtp	436
IN lt	IN lt	367
IP ds	IP ds	1030
ID	ID	927
MT OP rv	OP rv	613
NA ne	NA ne	948
IP ds	IP ds	1010
NA IP nb	NA IN dtp	1045
NA ne	NA ne	609
NA IP ne ds	NA IP ne	126
NA OP	NA ne	494
IP ds	IP ds	801
HI IP	IP ds	90
NA sr	NA sr	318
NA OP nb rv	IP ds	863
HI IN dtp	IN dtp	880
NA sr	NA sr	536
IP ds	IN IP	703
IP ds	IP ds	604
IN IP dtp ds	IP ds	277
OP ob	IP	41
IP ds	IP ds	772
ID IP		857
LY	LY	1017
IN ra	OP ob	329
IP ds	OP	689
IN en	IN dtp	836
HI re	HI re	114
IN dtp	IN	979
NA sr	NA sr	798
HI	HI OP av	59
IP ds	IP ds	738
HI	HI	549
LY	LY IP	1207
ID	ID	1210
IP ds	IP ds	413
IP ds	IP ds	282
HI IP ds	IP ds	868
HI IN dtp	IN dtp	475
IP ds	IP ds	751
IP ds	IP ds	192
IP	NA IP nb	832
NA	NA	769
NA ne	NA IP ne	404
NA nb	NA nb	1105
IN lt	IN dtp	557
ID	ID	297
NA nb	NA IN dtp	472
IP ds	IP ds	947
IP ds	IP ds	249
IN dtp	NA	21
IN lt	IN	1116
NA ne	NA ne	431
IP ds	IP ds	607
OP ob	NA ne	1012
NA ne	NA ne	94
MT	IP ds	1074
IP ds	IP ds	471
OP rv	OP rv	375
HI re	HI re	908
NA nb	NA nb	1166
IP ds	IP ds	187
IP ds	IP ds	69
NA IP ne	NA IP ne	739
NA OP nb av	NA HI nb	778
OP rs	OP rs	157
OP rv	OP rv	495
ID	NA nb	697
IN	IP	917
IN en	IN en	340
IP	IP ds	310
IN	IN lt	345
MT	MT	612
ID	ID	1088
IN en	IN en	158
IN	IN	34
IN dtp	IN dtp	982
NA IP nb ds	NA nb	793
IP	IP ds	716
OP IP rv	OP IP rv	1082
IN dtp	IN dtp	1133
HI IN dtp	NA nb	570
IN en	IN en	478
IN	IP	602
IN	IN	592
IN en	IN en	1080
MT IP		136
ID HI	IP ds	23
IN lt	IN lt	161
IN dtp	IN dtp	576
NA IP ne	NA	996
IN ra	IN ra	33
OP ob	OP ob	713
IP ds	IP ds	25
IN lt	IN lt	934
IP ds	IP ds	406
NA HI nb	IN	224
NA OP nb av	NA nb	516
NA IP ne	IP ds	1058
IP ds	IP ds	474
ID	ID	412
IP ds	IP ds	946
IN IP	IP	454
OP ob	OP ob	723
IP	OP	180
ID	ID	543
MT OP rv	OP IP rv ds	262
ID	ID	1216
OP IP ob	OP ob	636
IP ds	IP ds	456
ID	ID	1192
ID	NA nb	28
IP ds	IP ds	207
IN	IN dtp	852
IN en	IN dtp	112
NA nb	NA nb	915
IN	IN	269
NA	NA sr	48
OP rv ob	OP rv	980
NA ne	NA ne	174
IP	IP ds	1162
NA sr	NA sr	275
NA nb		248
NA IP ds	NA IP	305
NA IN dtp	IN dtp	31
IP	IN dtp	520
IP	NA	483
ID	ID	1143
IN lt	HI IN	450
ID	ID	651
OP	NA	434
IP ds	IP ds	399
MT IP ds	MT IP ds	820
IN dtp	IN dtp	133
IP	IN dtp	10
IP	IN dtp	666
NA ne	IN IP	35
IN	NA ne	661
IP ds	IP ds	547
IN dtp	IN dtp	123
IP	IP ds	568
IN dtp	NA IN dtp	1212
IP ed	OP ob	1158
ID	IP	756
IN	IN dtp	408
OP rv	OP rv	378
OP rv	OP IP rv	633
NA ne	NA ne	191
IN dtp	IP ds	919
IP ds	IP ds	717
SP		1195
ID	ID	1051
MT	MT	1227
IP	IP ds	239
NA	NA	1217
IN OP av	IN	740
NA ne	IN dtp	544
IN dtp	IN en	712
NA IN nb lt	NA	442
NA nb	NA OP nb	160
IP ds	IP ds	508
NA ne	NA ne	601
IN dtp	IN dtp	394
IP	IP ds	338
IP ds	IP ds	130
IP ds	IP ds	893
LY NA nb	NA nb	1151
LY NA nb	LY	1008
IN	IP ds	535
IP	IP	364
IP ds	IP ds	294
IP	IP ds	146
IN lt	IN lt	221
OP rv	OP IP rv	360
NA ne	NA ne	719
OP rv	IP ds	611
NA	NA nb	683
IN dtp	IN dtp	622
IN en	IN en	1099
HI	HI	926
ID	ID	79
OP IP av ds	OP av	56
IN en	IN en	971
IP ds	NA ne	779
OP rv	OP rv	175
IN OP av	IN IP dtp	851
NA ne	IN IP	89
ID	ID	513
NA nb	NA nb	1037
IP	IN dtp	783
IP ds	IP ds	770
IP ds	IP ds	755
NA ne	NA ne	309
NA nb	NA nb	45
IP	IP ds	566
ID	ID	827
IN dtp	IN dtp	1001
NA nb	NA nb	1214
NA ne	NA ne	670
NA OP av	OP	727
IN en	IN en	1071
IN	NA	469
ID	ID	718
OP ob	OP ob	466
NA nb	NA nb	128
IN	IN dtp	975
NA ne	NA ne	1189
IN IP lt ds	IP ds	256
IP ds	IP ds	177
NA OP nb rv	OP rv	1220
IP ds	IP ds	1190
OP ob	NA OP nb ob	805
ID	ID	470
IN IP	NA IP ne	866
NA nb	NA nb	952
MT	MT	883
IP	IP ds	103
IN	OP	247
NA ne	NA ne	214
NA nb	NA nb	141
IP ds	IP ds	757
OP ob	IN dtp	250
IP ds	IP ds	484
MT IP ds	IP ds	766
IN IP dtp	IN	373
IN dtp	IN lt	226
IN	IN	230
IP	IN IP dtp	938
IP	IP ds	1154
NA OP ne	NA ne	303
NA ne	NA ne	681
