IN ra	IN ra
IP ds	IP ds
IP ds	IP ds
OP ob	OP
NA sr	NA sr
NA	NA
IP ds	OP rv
IN dtp	IN
NA	NA
NA OP ne av	IN
OP av	OP av
IP ds	IP ds
NA nb	IN dtp
IP ds	IP ds
IP ds	IP ds
NA	NA
NA OP	NA ne
NA	NA nb
IP ds	IP ds
NA	MT
IP ds	IN IP ds
NA nb	IN dtp
IP ds	IN
IN	IN
OP ob	
IN dtp	IN
HI	IN
IN lt	IN lt
IP ds	IP ds
IN dtp	IN
IP ds	IP ds
IP ds	IP ds
HI IP ds	IP ds
IN lt	IN
NA nb	NA
NA ne	NA ne
IP ds	IP ds
IP ds	IP ds
NA ne	NA ne
NA	IP
IN ra	IN ra
ID OP rv	ID
IP ds	OP rv
ID	ID
NA	NA IN
IP ds	IP ds
NA	NA
IN IP lt	IN
NA ne	
IP	IN dtp
NA	NA nb
NA sr	NA sr
NA nb	NA nb
IP ds	IP ds
IP ds	OP rv
NA ne	NA ne
IP ds	IN IP ds
IN	IN
NA ne	NA ne
IP ds	OP IP rv
IP ds	OP rv
IP ds	IP ds
OP	
ID	ID
IP ds	NA ne
IP	IN
OP rv	NA
IP ds	IP ds
IP ds	IP ds
NA ne	NA ne
ID	ID
NA	NA
OP	IN dtp
IP ds	IP ds
NA IN	NA IN
HI	NA
NA	NA IN dtp
NA	NA nb
NA sr	NA ne sr
IN lt	IN
NA ne	IN
IP ds	IP ds
IP ds	IP ds
IP ds	IP ds
NA	IN
IP ds	IP ds
IN	IN
IN lt	IN
IP ds	IP ds
NA	NA nb
IN en	IN en
IN	IN
IN	IN
IP ds	IP ds
IN	IN
ID IN dtp	IN
IP	IP ds
IP ds	IP ds
IN	IN
NA sr	NA sr
IN dtp	IN
IN	IN lt
IN OP fi rv	OP IP rv
OP rv	OP rv
NA	NA nb
NA ne	NA ne
IP	IP ds
NA nb	IN
IN ra	IN ra
IP ds	IP ds
IP ds	IP ds
IP ds	OP
IN lt	IN lt
OP av	OP av
NA	NA
OP av	HI
NA sr	NA ne
NA HI IN	av
IN lt	IN lt
IP ds	IP ds
IP	IP ds
IP ds	IP ds
NA IP ds	NA ne
IP ds	NA ne
IP ds	OP rv
IN fi	IN
NA ne	NA ne
NA	NA nb
IP ds	IP ds
NA	NA ne
IN lt	IN
NA ne	NA ne
OP rv	MT OP rv
IN dtp	IN dtp
IP ds	OP rv
IP ds	IP ds
IN lt	IN lt
HI	IN
IP	IN
NA ne	NA IP ne
NA	NA
IN	IN
NA	NA
IP ds	NA nb
NA nb	
IN IP lt	IN lt
NA ne	NA ne
NA OP ne av	NA ne
IP ds	IN IP ds
NA IN OP ne dtp av	IN
NA ne	NA ne
OP rv	OP rv
NA	NA ne
IP ds	IP ds
MT	
IP ds	NA
IP ds	IN IP
LY	LY
OP rv	OP rv
IN lt	IN
NA HI nb	
IP ds	IP ds
IP	IN
NA nb	NA nb
NA	NA
NA ne	NA ne
IP ds	IP ds
ID	
IP ds	IP ds
IP ds	IP ds
NA ne	NA ne
IP	IP ds
IP ed	NA ne
NA sr	NA sr
IP ds	IP ds
IN	IP ds
NA	NA nb
IN	HI IN
IP ds	IP ds
IP ds	IP ds
IN dtp	IN dtp
MT	IN
NA ne	NA ne
IN lt	IN lt
NA	NA
IP ds	
NA	NA nb
IN dtp	IN
NA	NA IN
NA nb	
OP av	IN
HI IN IP fi lt ds	HI IN
NA	
NA	NA nb
IP ds	IP ds
NA	NA
NA	NA nb
ID IP ds	
IN	IN
NA	NA nb
LY NA OP	IN
IP ds	IN dtp
IP ds	IP ds
IN	HI IN
IP ds	IP ds
IP ed	IN
IP ds	IP
IN dtp	IN
IN lt	IN
IP ds	IP ds
IN dtp	IN dtp
IP ds	IN IP
NA	NA
IN dtp	IN
IP ds	IP ds
OP rv	OP rv
NA	NA nb
IP ds	IP ds
OP rv	IP ds
IP ds	IP ds
NA OP	
NA	NA
IP	IP ds
HI	IN
IN	IN
NA	NA
IP ds	OP rv
IN	IN lt
IN lt	IN lt
OP av	NA
OP	NA
NA IP ds	NA
NA	NA
NA ne	NA ne
NA	NA
OP rv	IN
NA	IN en
OP rv	IN
IP ds	IP ds
IP ds	IP ds
IN ra	IN ra
NA ne	NA ne
NA	NA
HI	IN
IN IP ra	IN ra
OP av	IP ds
NA nb	NA ne
HI	IN dtp
IN dtp	IN
NA IP ds	IN dtp
NA	NA
IP	IN
IN lt	IN
HI	IN
IN	HI IN
IP ds	IN IP
LY NA	NA nb
IP ds	IP ds
IP ds	IN dtp
MT	MT
IP	IN dtp
NA	NA
IN	NA IN
MT	IN
OP rv	IP ds
IP ds	IP ds
IP	IP ds
IN	IN
MT	IP ds
NA	MT
OP rv	IP ds
IN fi	ID
IN OP IP fi ds	IP ds
IP ds	OP
NA ne	NA ne
IP ds	IP ds
OP ob	NA ne
IP	IN IP dtp
IN lt	IN lt
OP ob	ob
IP ds	IP ds
IN	IN
OP rv	NA ne
IP ds	IP ds
NA	LY
IP ds	
IP ds	NA ne
NA	NA nb
IN	IN
IP ds	IP ds
NA ne	NA ne
IN ra	IN
IP ds	IP ds
IP ds	IP ds
HI	IN
OP rv	IP ds
IP	IP ds
NA	NA
IP ds	IN IP ds
IP ds	OP IP rv
IN dtp	IN
IN	MT IN
OP ob	OP ob
IP ds	IP ds
IN	IN
SP	
IN	IN
OP IP ds	IN IP
NA	NA nb
NA	NA
IP ds	IP ds
IP ds	IP ds
IP ds	MT
NA sr	NA ne sr
ID	ID
IN	IN
NA ne	NA ne
