OP	OP	2017
ID OP	OP	1147
OP	OP	705
ID		1709
IP	IP	548
NA	NA	1505
IN	HI IN	1302
OP	OP	1125
NA	NA	699
OP	OP	733
NA	NA IP	1631
OP	OP	1386
IN	IN	330
ID	ID	1007
OP	OP	1237
OP	OP	1305
NA IP	NA IP	1072
MT	IN	1521
MT	MT	584
NA	IN	2105
MT	MT	1208
NA	IN	644
IP	OP IP	63
NA	NA	1946
OP	OP	638
HI IN	IN	1585
HI	IN	1816
OP	OP	1081
NA	NA	800
NA	NA	1592
MT	MT	1687
IP	IN IP	2077
NA	IP	1191
IP	IN	832
IN	OP	785
IP	IP	452
IP	IP	881
IP	IP	1887
NA	NA	412
NA	NA IP	362
IP	IP	1489
NA	OP	1105
HI	HI	2131
NA	IN	931
OP	OP	287
IN	IN	945
ID	NA	1835
NA	IN IP	676
NA	NA	91
NA	NA IP	1998
NA	NA	507
MT	MT	1351
MT		1933
HI	IP	146
HI		1559
NA	NA	2144
MT	MT	2085
OP	OP	1372
NA	NA	136
OP	IP	1142
IN	IN	1046
IP	IP	65
ID OP	NA	1269
NA	NA	140
MT		445
IN	IN	1356
NA	NA	912
IN	IN	979
IN	IN	2023
MT	MT	826
NA	NA	256
NA IN	IN IP	647
NA	NA	1738
NA	NA	1210
ID NA	ID	477
IN	IN	2089
IP	IP	1639
NA	NA	1467
MT	MT	1034
NA		802
ID	ID	1573
IP	IP	1437
HI	IN	868
NA	NA	1692
NA	NA	1058
NA	NA IP	473
NA		92
IP	IP	525
OP	OP	1391
NA		1053
MT	MT	1462
NA	NA	530
ID	ID	341
MT	MT OP	1292
IN	NA	646
NA HI	NA HI	490
MT	MT	2133
IP	IP	1951
NA	IN	648
ID	ID	1212
IP	IP	1221
IN	HI	1183
NA	NA	730
NA	NA	1217
NA	NA	468
NA		1492
IP	IP	1222
NA	NA	466
NA	NA	1261
NA	NA	1463
IP	IP	1825
NA	NA	221
IP	IP	554
MT	MT	165
IP	IP	252
NA	NA	247
OP	OP	1527
IP	IP	441
HI	IP	1233
NA		225
OP	ID OP	681
NA	NA	2096
IN	IN	1361
NA	NA	1365
IN	OP IP	1144
NA	NA	322
OP	OP	731
NA	OP	1528
NA	NA	1259
NA		1166
ID		865
HI	HI IN	640
NA	NA	1278
NA IN	ID	1447
MT OP	OP	858
HI	HI	1218
NA	NA	1429
IN	IN	431
MT	MT	748
IP	IP	1552
MT OP	OP	151
MT	IP	1627
OP	OP	754
HI	IN	1908
NA	NA	1264
NA	OP	2008
IP	IP	963
MT	MT	1916
OP	OP	500
NA	NA	2051
ID	NA	1874
NA	NA	1090
NA	NA	544
OP	ID OP	115
MT OP	OP	1061
OP	OP	291
ID	NA	1751
MT	MT	1706
NA		1601
ID	ID	764
IN	IN	1066
MT	MT	1671
IN	IN	1988
ID	ID NA	974
IN	IN	1630
NA	OP	1151
NA	NA IN	1423
IN	IN IP	2101
MT		31
ID	NA	84
NA	NA	698
HI IN		2132
HI	IN	1020
IP	IP	123
OP		502
NA	NA	1655
NA	NA	1120
HI	IN	1943
NA	OP	1607
IN	NA	518
NA	NA	458
IN	IN	1448
NA	NA	2078
NA	NA	1374
ID	NA	1029
ID	OP	1873
NA IP	NA	320
NA	NA	1427
MT	IN	416
MT	IN	983
ID	ID OP	1425
OP	OP	781
HI	HI	1530
OP		1981
IN	IN	822
MT	IN	965
NA	NA	1379
NA	NA	1746
MT	MT	772
OP	OP	1405
ID	ID	183
IN	IN	710
IP	IP	340
NA	NA	1320
MT	MT	1051
NA	NA	2116
IP	OP	202
NA	NA	166
IP	IP	1716
ID	OP	540
ID	OP	1578
ID	OP	1335
NA	NA	948
IP	IP	882
OP	OP	1345
ID	ID	727
MT	MT	2103
NA	NA HI	2033
NA	NA	753
MT	MT	1363
IN	IN	951
IP	IP	1117
NA	NA	1582
IP	IP	1493
MT	MT HI	614
HI	HI	83
SP	IN	2117
MT	MT	1446
NA	NA	743
IP	IP	1498
IP	IP	23
NA	NA	570
NA	NA	649
NA	NA	1519
IN	IN	1831
NA	NA	576
NA	NA	1654
ID	ID	1234
NA	NA	1395
IN	NA IN	1938
MT	MT	1241
NA	OP	1990
OP IP	IP	1464
NA		1791
IN	IN	1711
OP	OP	814
SP NA	SP NA	404
NA	NA	339
NA	NA	334
NA	NA	1850
MT	MT	1326
NA	NA	272
MT	MT	1071
IN	IN	1360
IN	IP	506
HI	HI	1962
SP	NA	150
NA IN	IN	797
ID	ID	241
NA	NA	176
ID	OP	1597
MT	MT	593
NA	OP	528
OP	OP	1542
NA	NA	2129
OP	OP	1355
MT	MT	1748
OP	OP	227
OP	OP	1583
IN	IN	823
MT	MT	2064
ID	ID	1940
NA	NA	315
NA	NA	156
NA	NA	585
IN	IN	408
IN	IN	643
MT	MT	662
OP	OP	145
NA	NA	296
MT	IN	922
IN	IN	93
OP	OP	1731
IP	IN	100
NA	NA	561
NA	NA	860
MT	MT	1893
NA	NA	182
IP	OP	928
OP	OP	95
OP	OP	1826
ID	IN	1725
OP	OP	1025
ID	ID	632
ID	NA	289
ID	ID	920
MT OP	OP	1323
NA	IN IP	856
MT	MT	1070
IN	IP	845
HI	OP	1054
NA		479
SP	SP NA	893
IP	IP	459
NA	NA	387
NA	NA	867
HI	OP	1309
NA	NA	263
NA	NA	959
IP	IP	1686
OP	OP	1293
NA	NA	1839
OP	NA	1246
NA	NA	608
MT	MT	260
NA HI	ID	1479
NA	NA	944
IP	OP IP	1890
OP IP	OP IP	1619
ID	IP	8
MT	IN	1162
NA	NA	809
NA	NA	639
NA	NA HI	1800
ID	NA	604
NA	NA	327
NA	OP	235
NA	NA	1377
IN	IN	1956
MT OP	OP	324
IN	IN	37
MT	MT	1472
HI	IN	1584
NA	NA	427
IP	IP	828
NA	NA	38
OP	OP	925
NA	NA	1285
IN	IN	669
IP	IP	1968
OP	OP	1515
IP	NA IP	1611
IN IP	IP	4
IN	IN	778
NA	NA	906
SP		1612
MT	MT	992
NA	NA	1027
IN	OP	305
NA OP	OP	271
NA	OP	1897
ID	ID	1563
MT OP	OP	194
OP		1685
NA	NA	597
OP	OP	836
HI	OP	1690
HI	HI	1428
NA	NA	20
IP	IP	1775
IN	IN	1901
IP	NA	2016
NA	NA	998
NA	NA	538
MT	MT	2138
IP	IN IP	1366
IN	IN	2099
NA	NA	986
IN	IN	1765
NA	NA IP	915
NA	IP	994
HI	HI	1188
HI	IP	1617
MT	MT	1787
MT OP	OP	220
OP	OP	758
NA	NA	2005
IN	IN	1667
NA	NA	1003
ID	ID	690
OP	OP	391
OP	NA	1574
IN	IN	1870
ID		407
OP	OP	1665
MT	MT	656
IN	IN	723
NA	NA	1676
IN	IP	1466
MT	MT	1199
OP	NA OP	1381
MT	MT	1644
ID	ID	89
NA	IN	783
ID	ID	471
NA	NA IP	1934
ID	NA	739
NA	NA IN	430
IN	IN	1504
NA	IN	557
ID	SP	130
HI	HI	325
NA	NA OP	1903
OP	OP	546
NA	IP	158
HI	HI	1338
OP	OP	11
IN	IN	1481
NA	NA	389
NA	NA	1322
IN	IN	157
NA	NA IP	1349
IP	IP	501
MT IP	MT	1845
NA HI	NA OP	816
NA	NA	1186
NA	NA	725
IP	IP	25
NA	LY	1383
IP	IP	2059
NA	NA	205
IN	IP	1196
NA	NA	173
IP	OP	1566
NA IP	IP	428
IP	IP	2108
NA	NA	1192
OP	OP	1864
MT	MT HI	1121
IN	IN	1569
NA	NA	1989
IP	IP	1565
IN	NA	179
IN	IN	636
MT	MT	1830
IN	NA IN	606
ID	NA	106
HI IN	IN	141
IN	IN	1024
NA	NA	825
ID	OP	1907
IP	IP	1963
NA	NA	1328
NA	NA	834
OP	IP	401
IP	IP	1201
IP	OP	1698
NA	NA	1132
IP	HI IN	280
IN	IN	750
NA	NA	1937
HI	IP	184
MT	MT IP	1656
MT	MT	1851
NA	NA	1091
IN	IN	599
NA	NA	838
MT	MT	1553
IN	IN	2113
NA	NA	2015
IN	IP	1296
OP	OP	1396
IN	NA	1016
OP	OP	740
OP	OP	449
IN	IN	131
OP	OP	1537
NA	IP	446
NA	NA	1889
ID	NA	680
IN	OP IP	420
NA	NA	326
IP	IP	1169
ID	NA	1866
MT	OP	1935
OP	OP	1393
IP	IP	2001
IN	NA IN	1534
NA	OP	76
NA	NA IP	298
ID	ID	1636
MT	MT	1496
NA	NA	2087
HI	OP	2061
IN	IN	379
NA	OP	1561
MT OP	OP	512
NA	NA	1987
MT OP	OP	1827
ID	NA	1082
NA	NA OP	2074
ID	ID	559
IN	IN	1815
IN	IN	1520
IN	NA	583
IN	IN	301
NA	NA	2106
IN	IN	717
NA	NA	1666
OP	NA	742
NA	NA	187
NA	NA OP	1108
ID	NA	333
OP	OP	1756
IP	IP	773
MT	MT	721
IN	IN	1390
NA	NA	707
OP	OP	1039
OP	OP	675
ID	NA	111
NA	NA OP	684
OP	OP	1397
ID	NA	1062
NA	NA	116
NA	IP	388
OP	OP	307
NA	NA	780
IN	IN IP	871
ID	NA	2128
NA IP	NA	1672
ID	ID	1967
NA	NA	562
IP	IP	1848
IN	IP	231
ID	NA	103
NA	NA	1884
OP	NA	267
NA	NA	160
ID	ID	627
NA	NA	2121
IP	IP	962
NA	IN	476
NA	IP	460
NA	NA OP	582
IP	IP	1888
IN OP	OP	1049
IN	IN IP	1065
OP	OP	1251
IN	OP	1804
ID	NA	768
MT	MT	665
NA	IN	805
MT	MT	40
ID	ID	657
IN	IN	2073
IN	IN	319
IP	IP	2042
NA	NA	552
NA	IN	1833
NA	OP IP	498
MT	MT	1441
ID	IP	1608
NA	NA	1648
ID	NA	687
NA	NA	14
IP	IP	527
ID HI	IN	929
NA	NA	55
NA	NA	261
MT	IN	2002
NA	NA	1986
IN	IP	736
HI	HI IN	2093
NA OP	NA OP	1122
IN	IN	162
MT	MT	1852
ID	IP	2055
NA	NA	896
NA	NA	52
MT	MT	1653
IN IP	NA IP	101
SP	NA	168
OP	OP	1900
LY	OP	352
NA OP	NA OP	1540
NA	NA	487
IN	IN	215
ID	ID	82
MT OP	OP	1999
IP	IN	1388
NA	NA	1723
IP	IP	1187
NA	NA	1153
NA	NA	1314
ID	NA	470
NA	NA	1867
ID	OP	2029
NA	IP	72
NA	NA	516
OP	OP	924
NA	NA	292
IN	IN	670
IN	IN	371
OP	OP	1719
IP	IP	120
IN IP	IP	1984
NA	NA	2041
NA	NA	1177
MT	MT HI	1150
OP	OP	2146
IN	IP	1329
OP	OP	1885
ID	ID	984
MT	MT HI	522
NA	NA	26
OP	IN OP	683
NA	NA	697
NA	NA IP	1822
NA	IP	1779
IN	IN	311
OP		1862
NA	NA	844
IN	OP IP	1180
NA	NA	567
SP	OP	1539
LY		1811
ID	ID	1401
NA	NA	818
HI	IN IP	383
NA	NA	1094
IN	IN	972
ID	NA	283
NA IN	IN	957
NA	NA	995
NA	NA	592
ID		1404
NA	NA	349
NA	NA IP	1384
IN	NA	433
NA	IP	286
NA	NA	1899
IP	NA	1273
HI IN	IN	1346
IP	IP	558
ID	ID	857
IN	IP	1777
IP	IP	1368
ID	ID	5
IP	IP	1083
NA	NA	569
HI IN	IN IP	1415
NA	NA	1620
OP	OP	1913
NA	NA	634
OP	OP	80
NA	NA	1480
IP	IP	217
NA	NA	472
NA	NA	1004
ID	ID	732
MT	MT	1896
IP	IP	954
OP	OP	1249
ID	ID	520
NA	NA	774
IN	IN	113
IP	IP	1288
NA	NA	1238
MT OP	OP	1042
NA	NA	830
NA	NA	1279
NA	NA	961
ID	NA	181
MT	MT	439
ID	ID	1894
NA	NA	689
IN	IN	2031
IN	NA	1473
OP	OP	1860
SP	SP NA	197
HI	HI IN	35
ID	ID	751
IN	IN IP	54
OP	OP	2127
MT	MT	2045
IP	IP	58
OP	OP	1303
MT	MT	1712
MT	MT	1244
NA IN	NA	1941
NA	NA	1744
IP	MT IP	1299
MT	MT	1824
IP	IP	1906
MT	MT	1610
ID	ID	232
IN		1780
ID	NA IP	1514
ID	HI IN	505
MT	MT IN	372
IP	MT IP	1629
NA	NA	2062
IN	IN	1115
HI	HI IN	1274
MT OP	IN	806
OP	OP	1297
ID	IN	595
IP	IP	663
NA	NA OP	1376
IN	IN	60
ID	NA	1229
IN	IN	425
MT OP	OP	1156
NA	NA	2026
MT OP	OP	1507
NA	NA	1321
NA	NA	1011
MT	MT	1075
IN	IN	919
NA	NA	988
MT OP	OP	1161
NA	NA	230
NA IN	NA	769
IN	IN	642
MT	MT HI	1836
NA	NA	1235
HI	IN	1468
IN	IN	804
NA	IP	869
MT	MT	1256
IP	IP	69
NA	NA	807
NA	NA	811
IN	IN	577
IP	IP	1931
NA HI	NA HI	877
ID	NA	1616
MT	MT	1359
MT	MT	1847
NA	NA IN	1173
ID	NA	1140
OP	OP	1426
HI	IN	36
NA	NA	485
HI		2037
IP	IP	122
ID	OP	789
OP	OP	0
IN	IN	332
NA	NA OP	1236
IN	IP	1119
MT	MT HI	336
MT	MT IP	1154
IN	IN	248
OP	OP	1513
NA	NA	1445
MT OP	OP	342
NA	NA	110
IN	IP	1371
IN	NA IN	1532
IN	IN IP	1240
ID		551
MT	HI	2134
NA	NA	1001
IN	IN	1595
IN	OP	1398
OP	OP	2000
MT	MT	244
NA	OP	1621
ID	ID	652
IP	IP	79
MT	MT	1783
NA	NA	2049
NA	NA	2069
OP	IP	1898
IN	IN	762
MT	MT	674
NA		1022
IN	IN	980
NA	NA	87
NA	NA	1099
OP	NA OP	833
IN	IN	795
NA	NA	1159
NA	OP	206
HI	HI	406
NA	NA	73
NA	NA	918
NA	NA	297
NA	NA	801
IN	NA IN	1106
MT	MT	1145
IN OP	OP	659
NA	NA	1594
NA	NA	1799
MT	MT	655
IN	IN	1267
IN	IN	288
MT	MT	719
IP	IP	947
ID	ID	1613
NA	NA	378
ID	NA	901
MT OP	OP	484
IP	IP	1734
MT OP	OP	873
NA	NA	164
IP	IP	1529
NA	NA	1163
NA IP	IP	911
NA	NA	677
ID	NA	105
ID	NA	216
OP	OP	1699
IN	IN	519
IP	IP	94
HI	HI	853
MT	MT	819
OP	ID OP	1068
SP	SP	1782
NA	NA	409
NA	NA	2027
MT	MT	1807
ID		1921
ID	ID	2107
NA	NA	1113
OP	OP	1484
IN		917
IN	NA IN	793
ID	NA	808
IN	OP	1868
IN	IN	1795
MT	IN	1664
IP	IP	503
ID	ID	239
IN	IN	1761
NA	NA	791
NA	NA	1315
NA	NA	1747
NA	NA	1252
MT	MT OP	51
OP	OP	1740
HI IN	IN	64
MT	MT	1642
NA	NA	24
IN	IN	566
IN	IN IP	429
OP	OP	1882
MT	MT	960
IN	NA	266
MT	MT	1823
MT	MT	757
NA	NA	1420
NA	OP	1123
NA	NA	74
NA	NA	284
NA	IP	756
NA	IP	3
IN	IN	798
ID	ID	66
HI	HI	343
NA	NA	414
IP	IP	859
MT OP	OP	1821
NA	OP IP	53
IP	IP	1730
IP	IP	1182
NA	NA	829
NA IP	NA	760
MT OP	OP	747
OP	OP	913
ID	ID	1502
IN	IN	1581
NA	IN	702
NA	NA	1959
IP	IP	938
MT	MT	299
NA	IP	1837
ID	ID IN	1211
IP	IP	1300
ID	NA	1450
NA	NA	547
ID	NA	651
IN IP	IN IP	395
NA	IN	803
OP	NA	1512
NA	NA	1098
MT	NA	424
NA	NA	1531
MT	MT	1402
IP	OP IP	635
NA	NA	1084
ID	ID	190
OP	NA OP	645
IP	IP	1165
NA	NA	1102
ID	OP	672
NA	NA	1760
IN	ID	418
NA	NA	59
ID	ID	1675
IP	IP	478
NA	NA	1650
MT OP	OP	1087
IP	NA	2114
IP	IP	1517
NA IN	IN	573
IP	IP	904
OP	OP IP	2047
NA	NA	2120
IN	IN	2025
NA	IP	846
OP	OP	1421
IN	NA	1854
NA	NA	1134
NA	NA	464
ID	ID	1970
NA	NA IP	2024
NA	NA	148
NA	OP	1856
NA	NA	1516
NA	NA	234
NA	NA	2143
NA	NA	609
NA	NA	1735
MT	MT	1605
NA	NA	475
NA	NA	1409
NA	NA	1436
IN	IP	1
NA	NA	949
IN	IN	1453
OP	OP IP	1337
NA	NA	117
IP	IP	1060
NA	NA	1632
NA		1482
NA	NA	549
IN	IN	667
IP	IP	1424
IN	IP	1857
NA		1802
IP	IP	413
NA	NA	1576
IN	NA	1126
IN	NA	1336
NA	NA	1286
NA	NA HI	454
IN	IN	1769
MT	MT	1786
NA	NA	1682
NA	OP	481
HI	HI IN	935
IP	IP	989
NA	NA	385
NA	IP	107
MT OP	OP	1052
OP	OP	192
IN	IN	1330
IN	NA IN	268
NA	NA	866
IP	OP IP	1670
NA	NA	692
NA	NA	2
IP	IP	171
NA	NA	1843
IP	IP	335
MT	MT	1499
MT		1604
NA	NA	1324
ID	OP	2095
IN	IP	1788
ID	NA	641
IN	IN	1819
MT	MT	2140
IN	NA HI	1195
IN	IP	1079
NA	NA	1242
NA	NA	892
IP	IP	696
IN	IN	440
IN	IN	1680
ID OP	OP	210
NA	NA	1298
IN	OP	1784
IN	IP	1806
IN	IN	1902
ID	ID	293
NA	NA	346
IP	IP	1932
ID	NA	841
HI	HI IN	144
NA	NA	1923
IP	IP	1863
IN	IN	765
ID	ID	601
OP	OP	1820
HI	HI	1728
OP	OP	1290
NA OP	NA	1684
IP	IP	246
HI	HI IN	447
ID HI	ID	1089
NA	NA	169
ID	ID	2054
NA	NA IP	1362
OP	OP	1518
NA		355
IN	IN	1333
NA	NA	1972
MT		1722
NA	NA	41
IN	NA	685
NA	NA	2003
NA	NA	273
MT	MT	1557
IP	IN	658
NA	NA	1088
IN	OP	842
ID	NA	885
IP		1720
HI	IP	589
NA	NA	889
MT	MT IP	27
MT OP	OP	1045
OP	NA	1281
IN	IN	1258
NA	NA	2032
OP	IN	114
IN	OP	970
IN	IN	1628
MT	MT	2150
NA	NA	2148
IN	NA IP	1266
NA	IN	1637
NA	NA	403
IN	IN	438
IP	IP	1792
IN	IN	1175
NA	NA	784
MT	MT	2007
OP	IP	483
IP	IP	946
IN	OP IP	695
HI	HI IN	402
ID	ID OP	1069
IP	IP	1776
IP	IP	899
SP	SP NA	1622
NA	IP	545
HI	NA HI	900
ID	NA	1341
MT	MT	1980
IP	IN IP	1275
HI	HI	1580
HI	NA	1914
NA	NA	451
MT		2130
NA	OP	1891
ID	ID	579
IN	NA IN	934
OP	OP	70
OP		19
IP	IP	1255
NA	NA OP	1257
OP	OP	1814
IN	IN	2110
IP	IP	990
MT	MT	1844
NA	OP	1813
MT	MT	2034
IN	NA	782
NA	NA	15
IN	IN	1600
HI IN	OP	211
NA	OP	1920
NA	OP	2030
OP	OP IP	1708
ID	ID	1146
IN	OP	908
IN	IN	2084
MT	MT IP	2112
ID	NA	143
OP	OP	226
OP	OP	1550
IN	IN	1905
IP	IN IP	1674
OP	OP	2079
ID NA	ID	1228
ID	ID	621
MT	MT	1170
OP	NA	1033
IN	IN	390
MT OP	OP	2137
NA IN	NA	766
OP	OP	839
IN	IN	1347
IP		98
HI	IN	1536
OP IP	OP IP	188
ID	ID	654
IP	IP	282
ID	ID	1215
NA	NA	952
NA	NA IP	1930
OP	OP	1399
NA	NA	304
IN IP	IN	981
IP	MT IP	2022
OP	IN	686
OP	OP	1926
NA	IP	398
MT OP	OP	1509
NA	NA	603
IP	IP	542
ID NA	NA	444
NA	NA	1609
HI	HI	1544
ID	ID	1818
IP	OP	491
IN	IN	1794
NA	NA	2092
NA IN	NA	161
IN	IN	907
IP	IP	738
IP	IP	1272
NA	NA	1325
MT OP	OP	600
IP	IP	1679
IN	IN	1227
IN	IP	294
NA OP	NA OP	257
IN	IN	1057
NA	IP	1226
NA	NA	1869
ID	ID	400
SP	SP	777
NA	NA	594
NA	NA	203
MT	MT	1510
IN	NA	1076
NA	NA	1772
SP	OP	1948
IN	NA	1525
IP	IP	1875
ID	ID	572
OP	OP	729
NA	NA	1407
MT	MT	1546
NA	NA	474
NA	IP	515
NA OP	NA	47
OP	OP	1766
ID	ID	359
IP	IP	29
IP	IN IP	894
OP	OP	1131
IN	IN	2036
MT	MT	1572
IN	IN	716
IN	IN	138
NA	IN	1203
IP	OP	936
NA	NA OP	2081
ID	ID	771
NA	NA	1394
MT OP	OP	353
MT	MT	1886
ID	ID	1662
NA	NA OP	706
IN	IN	1171
IN	IN	596
HI IN	IN	1245
OP	OP	1501
NA OP	NA OP	508
IP	IP	660
MT	MT	1726
NA	IP	536
OP	OP	923
NA	NA	354
MT	NA	1205
MT	MT	1596
HI	HI IN	2035
NA	NA	469
HI IN	IP	1652
OP	OP IP	1032
NA	NA	1225
IP	IN	127
IN	IP	254
MT	MT	950
IN	IN	436
ID	ID	1917
IP	IP	790
NA	NA	450
NA	NA	2050
NA	NA	1435
HI IN		104
NA	NA	1925
MT	IN	2011
OP	OP	580
IN	IP	382
IP	IP	1277
NA	NA	586
MT	MT	1005
ID	NA	720
IN	IN	1013
IP	IP	86
OP	OP	1763
IN	IN	142
ID	ID	849
IN	IN	264
NA	IN	978
OP	OP	1340
IP	IP	1406
IN	IN	556
NA	NA	1579
IN	IN	1190
ID	NA	399
NA	NA	489
NA	NA OP	1497
IN	IN	763
IP	IP	1410
OP	OP	1904
IP	IP	1606
ID	ID	1757
NA	NA	693
IN	IN IP	1503
NA	NA	1148
NA	NA	1006
MT	MT	1571
NA	OP	745
NA	IN	435
IN	IN	1339
NA	NA OP	134
OP	NA OP	108
NA	NA	253
OP	OP	1461
HI	HI IN	2083
ID	ID	214
IP	IP	250
NA	NA	968
NA	NA OP	996
IN	IN	711
NA	NA	1961
ID		1657
HI	IN	1214
NA	NA	1838
IN	IN	1651
OP	OP	314
HI	IP	1781
NA	NA	850
IP	NA	1697
MT	MT	977
MT	MT	787
NA	NA	956
NA	NA	78
OP	OP IP	2053
MT	MT	966
NA	NA	1767
OP	OP	488
ID	ID	876
IN	IN	883
MT	MT	1477
IN	IN	259
MT OP	OP	1491
NA	NA	1871
OP	OP	1591
IP	IP	578
NA	NA	394
IP	IP	890
MT		1021
NA	NA	1575
MT OP	OP	619
ID		39
ID	ID	318
IN	IP	1912
IP	NA	1523
NA	NA IN	1753
NA	NA	44
NA	NA	492
MT	MT	1373
NA	NA	1048
NA	NA	376
NA	NA	2019
MT	IN	843
NA	NA	32
NA	IN	2126
IN	IN	1459
MT	HI	1432
IN	IN	1543
IN	IN	581
NA	NA	1112
MT OP	OP	2141
OP	OP	43
ID	ID	1047
NA	NA	1128
OP	OP	1895
ID	ID	1798
IP	IP	1327
NA	NA	1270
NA	NA	269
HI	HI IN	1975
OP	OP IP	1030
MT	MT	2072
IP	NA	306
IP	IP	718
IN	IN	933
MT	MT	1487
ID	NA IN	229
IN	IP	218
NA	NA	1294
OP	OP	1291
ID	ID	432
IP	IP	368
NA	NA	817
IN	OP	465
IP	IP	1017
OP	OP	1465
LY	OP	1949
ID	ID	553
IN	IN	514
NA	NA IP	135
NA	NA	1067
NA	NA	494
IP	IP	1638
IN	IN	1567
IN	IN	1880
NA	NA IP	1743
NA	NA	2006
MT	MT	1411
OP	OP IP	1714
HI	HI IN	277
ID	NA	902
NA	NA	1858
MT	IP	955
NA	NA	1615
IN	IN	367
NA	NA	1008
MT OP	OP	1960
OP	OP	242
ID	NA	133
IN	IN	493
IN	NA	1547
IN	NA	633
IN	IN	587
NA	NA	555
IN	IN	1460
IP	IP	2044
NA	NA	316
NA	NA	1752
NA	IP	1625
NA	OP	713
MT	MT	1035
NA OP	NA	1143
IP	IP	68
NA	NA	180
ID	ID NA	987
NA	NA	1454
HI	HI	1841
SP	OP	511
HI IP	IP	1026
NA	NA IP	1085
MT	MT	1878
MT	MT	1422
IP	IP	958
NA	NA	1378
NA IN	IN	81
NA	NA	1059
MT OP	OP	177
NA	NA	2100
NA	NA	421
OP	OP	1488
IN	IN	1645
MT	HI	129
IN	IN	1316
IN	IN	863
IP	IP	1568
ID	IN	2076
HI	IN	422
OP	OP	2039
MT	MT	1910
NA	NA	437
OP	OP	1380
NA	NA	916
IN IP	IP	30
HI	IN	1155
ID	ID	49
IP	IP	310
NA	NA	119
IP	IP	1344
NA	NA	1387
NA OP	OP	598
SP	NA	1817
IN	IN	154
NA	OP	664
NA		281
OP	OP	722
IN	IN	2086
NA	NA	1973
NA	NA	375
NA	NA	895
OP	OP	1092
NA	NA	1955
ID	NA	384
NA	NA	1490
IN	NA	563
NA	NA	1416
NA	NA	1704
IP	IP	2068
ID NA	NA	149
IN	IN	1158
IP	IP	1673
NA	OP	1974
IP	IP	1649
IP	IP	1475
ID	ID	236
NA	NA IN	1348
NA	NA HI	1721
IP	HI	1284
NA	NA	364
IP	IP	1010
IN	IN	1495
IN	IN	1350
ID	ID	1494
NA	NA	249
NA	NA	1232
ID	OP	903
IP	IP	219
MT OP	OP	321
IN	OP IP	1452
NA	NA	1733
NA	NA	878
IN	IN	1002
IN	IN	1038
NA	NA IP	102
ID	NA	1590
NA	IN	1500
NA	NA	2122
IP	IP	1263
NA	OP	1009
MT	IN	1511
IN	IN	1562
ID OP	OP	1271
IN	OP	1969
MT	MT	964
IN	IN	193
NA IP	NA	22
NA	OP	2040
HI OP	HI IN	228
NA	NA	628
OP	OP	673
HI	IN	775
ID	ID	910
NA	NA	786
NA	NA	270
NA	NA IP	1586
ID	ID	1599
ID	NA	1358
ID	ID	1876
HI IN	IP	792
IP	OP	13
IN	IN	1101
NA	NA	153
NA	NA	1127
HI	OP IP	1167
MT	MT	1319
NA	IP	1248
IN	OP	1135
NA	NA	345
NA IP	IP	461
HI	IN	741
ID	ID	1231
OP	OP IP	1343
NA	NA	1015
IN	IN	377
NA	IP	1176
ID	ID	1828
IN	IN	163
NA IP	NA IP	442
MT IP	HI IN	85
NA	NA	1548
NA	OP	1014
MT	IN	1729
NA	NA IN	1172
ID NA	NA	1456
OP	IN	1152
OP	NA IN	1958
OP		1944
IN	NA	300
MT	IN	939
IN	IN	329
MT	MT	1551
ID	OP	295
ID		317
MT OP	OP	186
NA	NA	2075
NA IN	OP	1476
NA	NA OP	1881
MT	MT	1149
HI	IN	71
NA	NA	1911
NA	IN IP	1403
NA	NA IP	891
IN	IN	213
NA	OP IP	417
NA	NA	942
NA	NA	1754
ID	OP	735
MT OP	OP	1230
NA	NA	588
NA	NA	605
MT OP	OP	714
OP	NA OP	1618
IP	IP	2082
IP	HI	905
IP	IP	827
IP	IP	453
HI	IN	1801
HI	IN	2098
IN	IN	67
ID	ID	973
NA	NA	279
MT		1129
NA	NA	861
IN	IN	821
IN	OP	1853
IP	IP	1660
HI	HI IN	1223
OP	OP	1019
IN	IN	1137
OP	OP	1178
IN	IP	1095
MT	MT	1689
OP	OP	526
HI	IN	411
NA	NA	1295
NA	NA	1357
HI	IN	265
OP	OP IP	932
NA	NA	574
NA	NA	1614
NA		879
OP	OP	1554
OP	OP	125
IN	NA	1859
NA	IN	455
NA	NA	303
IP	IP	1239
HI IN		529
NA IP	IP	888
IN	IN	886
IN	IN IP	204
IN	IN	1713
MT		2048
NA	NA	212
OP	OP	1413
NA	NA	1209
IP	IP	2067
OP	OP	222
IN	NA IN	240
NA	NA	2145
NA	NA	560
ID	ID	982
NA	NA	12
NA	NA	1096
NA HI		971
MT	MT	2028
NA	NA	1308
NA	NA	1031
MT	MT	2070
MT	IN	480
OP	NA IN	1750
NA	NA	1588
IN	OP	2010
NA	NA	2058
IP	IN	521
NA	NA	1624
NA	NA	137
NA	OP	482
NA	NA	1976
NA	NA	623
IP	IP	1168
MT	MT IP	1724
OP	OP	56
IP	IP	195
HI	HI IN	486
NA	NA	21
OP	OP	1879
NA	NA	1809
OP	OP	1797
ID	ID	682
OP	OP IP	1770
NA	NA	1287
NA	NA	392
NA	NA	1136
MT	MT	1313
NA	NA IN	369
HI	HI IN	637
IN	IN	909
OP	OP	1114
MT	MT	1755
IN	IN	678
NA	NA	744
OP	OP	208
IN	IN	75
NA	NA	1111
ID	ID	16
IP	OP IP	1443
OP	OP IP	1469
IN	IN	1526
MT	NA	726
IN	IN	523
NA	NA	517
HI		1124
IN	ID	591
ID	ID	410
MT	MT	1050
ID	ID	1995
NA	NA	724
HI	HI	1283
IN	IN	308
IP	IP	497
MT	MT HI	1759
NA	NA	1056
IP	OP IP	6
IP	IP	1909
MT	MT	423
ID	ID	565
IP	IP	1438
OP	OP	535
NA	NA	275
IP	IP	1771
NA	NA	1044
MT	IN	1936
ID NA	NA	2111
IP	IP	615
IN	IN	1370
MT	MT	167
MT	MT	2063
OP	OP	88
MT		1023
HI IN	OP	1185
ID	ID	233
NA	NA	1928
NA	NA	1138
HI	NA	328
NA	NA	1174
IP	IP	1703
NA	NA	457
NA	NA	1474
ID	OP	1927
HI	IN	976
IN	IN	97
NA IP	IP	1737
OP	OP	1812
MT	IN	820
IP	NA	224
NA	NA	755
ID	NA HI	1626
IP	IP	1133
ID	OP	9
NA	NA	1197
ID	OP	1093
NA	OP	1086
NA	NA	880
NA	NA	1773
IN	NA IN	691
OP	OP	1861
NA	NA	1458
NA		238
OP	OP	1382
IP	IP	1640
MT	IN	1331
NA	NA	1118
MT OP	OP	1922
MT	MT	679
MT	MT	1470
ID	ID	278
MT	MT IP	1193
MT	OP	810
OP	OP	2043
IN	IP	1688
NA	NA	1872
IN	IN	1317
NA	NA	1097
NA	NA	1739
IP	IP	1840
NA	NA	1412
MT	OP	223
MT	MT	2021
HI IN		309
NA	NA	1918
IN	OP	496
NA	NA	17
NA	NA	941
ID	ID	550
NA	OP	532
OP	OP IP	1018
IN	IN	1762
MT	MT	1369
IN	IP	1997
MT	HI	985
NA IN	IN	541
NA	NA	1354
OP	OP	302
IP	IP	10
ID	ID	331
OP	OP	854
ID	ID	1265
IN	NA	152
MT	IN	178
IP	IP	1778
IN	IN	776
NA	NA	926
ID	ID	419
ID	NA	1538
NA	OP	969
IN	NA	1695
IP	IP	864
IP	IN IP	201
MT	MT	1647
NA	NA	170
NA	NA	2020
IP	IP	1919
NA	NA	509
MT	MT	1541
NA	NA	1964
IP	MT IP	767
IN		1570
IP	IP	666
NA	NA	42
NA	NA IN	1623
ID	ID	564
NA	IN	1696
IN	NA	1312
ID	NA	870
MT OP	OP	386
HI	IN	835
IP	IP	694
NA	NA	57
NA	IP	1646
IN	IN	1993
NA	NA	1306
MT OP	OP	940
NA	NA	1883
OP	OP	1043
HI	IP	1375
MT	MT IN	1793
IN	IN	991
IN	NA	1560
NA	NA	602
NA	NA	393
IP	IP	1736
NA	NA	620
NA	OP	1702
OP	OP	1829
MT	MT IN	796
NA	NA	1643
NA OP	NA	840
ID NA	NA	96
OP		1669
HI IN	IN	2124
LY		245
MT OP	OP	361
NA	NA	930
NA	NA	650
MT	HI	2091
OP	OP	1449
IN	IN	2119
NA	NA	617
ID NA	NA	374
NA	NA	1254
ID	IN	2046
ID	NA	2013
NA	NA	1834
NA	NA	397
NA HI	NA OP IP	794
IN	IP	1810
HI	IN	1224
NA	OP	1710
MT	MT	1701
IP	IP	126
MT	MT	1577
NA	NA IN	872
NA	NA	1100
NA	NA	1991
IN	NA OP	612
ID	ID	237
MT	NA	1189
IN	NA IP	737
ID	ID	914
IN	IP	1556
IP	IP	1408
OP	OP	700
MT	HI	147
MT	MT	198
IN	IN	897
MT	MT	1353
NA	NA IN	159
NA	NA IN	1367
IN		1485
ID	OP	1041
OP	OP	172
NA	NA	953
NA	NA IP	1929
MT	MT	1457
IP	IP	1790
IN	IN	1310
ID	NA	2066
ID	ID	1198
NA	NA	824
NA	IP	704
NA	NA	874
OP	NA	2142
IN	IN	1157
NA	IP	847
NA	NA	1304
NA	NA OP	568
ID	OP	2125
NA	NA	1952
NA	IN	852
IN	IN	1603
SP		112
NA	NA	128
NA	IN	1677
NA IN	IN	1434
ID	ID	1074
IN	IN	1307
MT OP	OP	313
NA	IP	779
IN	OP	1160
IP	MT IP	1742
IP	IP	1433
HI	IN	1727
NA IN	IN	611
NA	NA IN	1939
NA	NA	1342
IN	IN	537
NA	NA	1442
NA	NA	1953
MT	MT HI	2012
NA	NA	243
MT OP	OP	1971
NA	NA	625
NA	NA	1352
OP	OP	1700
NA	NA	61
ID	ID	1179
IP	IP	1253
NA	NA	357
IN		1216
ID OP	IP	2060
MT	MT	155
MT OP	OP	1745
OP	OP	1641
HI	HI	862
IN	IN	1430
IP	IP	1602
NA	NA	884
NA	NA	728
IN	IN	139
IN IP	IP	262
OP	OP	993
NA	NA	534
OP	OP	701
MT	MT	2136
ID	ID	1107
NA IP	IP	1947
IN	NA	258
MT	HI	1455
OP	OP	1966
NA	NA	285
MT OP	OP	1950
IP	IP	999
MT		927
NA	NA	1332
NA	NA	34
NA	OP	1659
ID	NA	510
OP	OP	1063
IP	IP	124
NA	IP	1207
NA	NA	323
NA	NA	761
ID		1522
OP	OP	1028
ID	ID	1220
NA	NA	715
IP	IN IP	1110
NA	NA	770
NA	NA	1803
OP	NA OP	1598
MT	MT	1785
IN	IP	1078
OP	OP	712
IN		1478
NA	NA	1749
NA	NA	2097
NA IP	IP	90
IP	IP	1587
NA	NA	99
IN	IN	351
NA	IP	2109
NA	NA	18
MT OP	OP	1942
NA	NA	709
HI IN	IN IP	1392
NA	NA	1732
MT	MT	1805
OP	OP	77
NA	NA	118
ID		1247
HI	HI	1633
NA	NA	1243
HI IN	HI	1260
ID	ID	1164
IP	IP	1400
NA	NA	7
NA	NA	1130
IN	IN	1202
IN	IN	937
NA	NA OP	358
IN	OP	1832
MT	MT	1250
HI	IN	1715
MT	MT	1849
IN	NA OP	1846
NA	NA	616
ID	ID	373
MT	MT IN	1200
NA	NA	448
NA	NA	997
NA HI	NA HI	209
MT	MT	1219
NA	NA	1139
IN	IN	2009
ID OP	IP	2080
NA	NA IP	1994
OP	OP	1104
OP	OP	1589
IN	OP	921
NA	NA	366
NA	NA	1141
MT	MT IP	2147
IN	NA	174
MT	MT	1419
ID	NA	1683
IP	IP	1634
NA	NA	1635
NA	HI	2052
OP	OP	1103
NA	OP	571
IN	IN	1707
OP	OP	967
LY NA	NA	610
IN	IN	2135
NA	NA	344
HI		1545
MT	IP	356
MT	OP	1915
ID	ID	504
NA		1276
IN	NA	1985
MT OP	OP	1439
NA	NA	337
MT	OP	1262
MT	MT	1064
ID		624
ID	NA	688
OP	IP	1691
ID	ID	274
IN	IN	2071
NA	NA	200
HI	HI IN	132
NA	NA	2014
NA	NA	1661
MT	MT	812
NA	NA	746
NA IP	IP	405
MT	MT	837
IP	IP	1431
NA	NA	1282
NA	NA	347
OP	OP	360
ID	IN	1892
NA IN	IN	33
IN	IN	1678
NA	NA	1318
IN	IN	463
NA	NA	396
NA	NA	1764
OP	IP	207
IP	IP	1204
OP	OP	1774
NA	NA	1417
OP	OP	1451
OP	NA OP	855
OP	OP	50
NA	NA	1717
MT	MT	1483
IP	IP	1693
ID		2065
IN	IN	1982
IP	IP	456
MT	MT	539
ID	ID	462
ID	NA	196
NA	OP	1385
ID	ID	2018
ID		1681
NA	NA	45
NA	NA	788
IP	OP	1116
IN	MT	175
HI	NA HI	1796
NA	NA	1334
ID	ID	1758
IP	IP	759
NA	NA IP	734
MT	MT	613
NA	NA	1418
HI	IN	1486
NA	NA	1658
ID	OP	575
NA	NA	2090
HI IN	IN	799
IP	IP	1194
IP	IP	1957
IN	IN	1979
NA	IN	370
NA	NA	434
OP	NA OP	1524
HI IN	IN	1280
NA	IN	363
NA	NA	415
NA	NA	495
NA	NA	1471
SP		1978
OP	OP	898
IP	IP	426
MT	NA	1311
NA	NA	1000
NA	NA	1444
HI	HI IN	380
IP	IP	1865
MT	MT	631
ID	ID	467
IN	NA IN	365
IN	NA	1945
ID	IN	2104
OP	IN	499
IP	IP	48
NA	NA	312
OP	OP	1983
IN	IN	1668
MT	MT	1389
IN	IN	1789
NA	NA	1663
IN	IN	975
NA	NA IP	1808
MT	MT	121
IP	IP	607
ID	NA	2057
IN	NA	1996
IP	IP	1593
NA	IP	290
NA	NA OP	848
IN	IN	189
ID	IN	276
NA	NA	653
MT	MT IP	1508
NA	IN	1768
MT	MT	2123
ID	ID OP	62
NA	NA IN	251
OP	OP	513
IN	IN	1414
IN	HI IN	752
OP	OP	2056
IN	IN	661
NA	NA	831
HI	IP	2139
MT	MT	671
OP	OP	749
NA	NA	851
HI	OP	2004
IP	IP	255
NA	NA	1077
IN	NA	1705
MT OP	OP	185
NA	NA	1877
ID	OP	1741
ID	NA	1977
IP	IP	1055
IN	IN	1037
ID	ID	2088
MT	MT	1301
NA	NA	1842
OP	OP	533
NA	NA	1533
IN	IN	622
NA	NA	1040
NA	NA	1965
ID		524
NA	OP	1184
NA	IN	1012
OP	OP	668
NA	NA	813
NA	NA	1109
SP	SP	191
OP	NA IN	1549
MT	MT	1213
IP	IP	1036
NA	NA	338
OP	OP IP	943
NA	NA	815
MT	MT	381
IP	OP	590
SP	SP NA	1855
IP	IP	626
IN	IN	28
MT	MT	1558
IN	IN	2118
NA	NA	2149
HI	HI IN	1954
NA	IP	2038
NA	NA	109
IN	IN	618
MT	MT	875
NA	NA	2102
MT	MT	1564
ID	NA	1080
IN	IN	1073
NA	NA	531
NA		887
NA	NA	1992
NA	NA	629
IN	IN	348
NA	NA	1181
IN	IP	1694
MT	MT	1289
OP	ID	1718
OP	OP	46
MT	MT IP	199
HI IN	IN IP	350
ID	ID	543
HI	IN	1555
OP	OP	1924
MT	MT OP	1506
NA	NA	630
ID	ID	703
IP	IP	1268
NA	NA	1364
OP	OP	2094
NA	NA	443
NA	NA	708
NA	NA	1535
MT	MT	1206
IP	IP	1440
ID NA	ID	2115
