OP	OP	1488
MT	MT	1462
OP	OP	673
NA	NA	1342
OP	OP	1527
OP	OP	1826
ID	ID	690
NA		99
IN	IN	909
NA	OP	1607
OP	OP	1397
MT	MT	1687
IN	IN	436
MT	MT	1075
NA	NA	1881
MT	MT	1823
NA	NA	706
ID	OP	9
NA	NA	2129
NA	NA	1053
NA	NA	1579
NA	NA	357
ID	ID	1107
IP	IP	1431
HI IN	HI IN	2132
IN	IN	213
IN	IN	845
NA	ID	625
IP	NA IP	1611
HI IN	HI	141
NA	NA	628
IP	IP	658
NA	NA	1236
ID	ID	1164
NA	NA	1138
IN	IN	1414
NA	NA IN	1753
NA	NA	1136
HI	HI	1486
NA	NA	998
MT	MT	539
NA	NA	182
NA	NA	956
IN	IN	907
OP	IP	1691
NA	NA	786
NA	NA	1454
NA	NA	451
OP	OP	1039
OP	OP	740
IP	IP	1587
NA	NA	608
NA	NA	17
IP	IP	48
NA	NA	1643
NA	NA	494
NA	NA	1173
OP	NA OP	1381
NA	NA	1113
NA	NA	693
NA	NA	867
IP	HI	1720
OP	OP	2017
ID	OP	1907
IN	IN	1707
NA	NA	1548
IN	IN	1267
IN	IN	1038
MT	MT	1793
NA	NA	1800
NA	NA	1011
NA	NA	164
IN	IN	2009
OP	NA	502
MT OP	MT OP	1999
IP	IP	759
MT	MT	656
NA	NA IP	316
NA	NA	118
HI	HI	853
LY	NA	245
IP	IP	1255
NA	NA	304
MT	MT	960
ID	NA	106
IN	HI IN	1137
MT OP	MT OP	1439
NA	NA	128
NA	NA	825
OP	OP	1641
MT	MT	1244
NA	NA	454
NA	NA	1833
NA	NA IN	852
IN	IN	991
NA	NA	1128
NA	NA	2019
IP	IP	1634
IP	IP	1300
NA	NA	780
IP	IP	120
OP	OP	302
ID	ID	1725
OP	OP	1518
OP	OP	125
NA	NA	1972
IN	IP	1688
MT	MT	1193
IN	IN	1316
HI	HI	935
NA	OP	571
NA	NA	327
NA	NA IP	1279
MT OP	MT OP	1942
NA	NA	1682
ID	ID	1563
IN	IP	523
NA	NA	1625
OP	OP	1515
IN	OP	1144
NA	NA	761
ID	ID	1818
NA	NA	1646
NA	NA	296
ID	OP	1404
ID	ID	1265
NA	NA	811
MT OP	MT OP	873
IP	IP	413
NA	NA	221
ID	ID	732
MT	MT	671
NA OP	NA	1143
IP	IP	1437
ID	ID	62
ID OP	NA	1269
ID HI	ID	1089
ID	ID	1578
IP	IP	1201
NA	NA	1174
NA IP	NA	1072
ID	ID	1211
NA	NA	770
OP	NA	95
NA	NA	2102
IP	NA IP	459
HI	IP	2037
NA	NA	918
NA	NA	809
OP	OP	1391
MT	MT	2048
IN	IN IP	1503
IP	IP	219
ID	ID	1231
OP	OP	1372
ID	ID	410
MT	MT	1653
ID	IN	505
IN	IN	329
IN	IN	1448
ID	ID	1636
NA	NA	376
NA	NA	421
IN	IN	138
NA	NA IP	536
IP	IP	1660
ID	ID	419
NA	NA	42
NA	NA	2096
NA	NA	1505
NA	NA	1834
OP	NA	855
ID	ID	233
IP	IP	126
NA	NA	339
ID NA	ID NA	1228
NA IP	NA	90
MT	MT	40
IP	IP	2077
IP	IP	767
IN	IN	1066
NA	NA	1321
OP	OP	1501
IN	IN	661
IN	NA IN	268
IN	IN	1356
NA	NA	844
MT	MT	719
NA	NA	344
IP	HI	905
ID	ID	49
MT	MT	31
NA	NA IN	1306
ID	ID	1573
IP	IP	1010
NA HI	HI	209
HI IN	IN	1346
MT	MT	787
IP	IP	828
MT	MT	674
ID	NA	1626
IP	NA IP	10
MT OP	MT OP	1061
NA	NA OP	528
IN	NA	365
IN	ID	782
MT	MT	1326
NA	NA	1077
NA	NA	2008
OP	OP	80
NA	NA	697
MT	MT	1726
IN	IP	429
OP	OP	1766
ID	NA	111
MT	MT	843
ID	ID	1683
NA	NA	986
NA	NA	1084
IP	IP	1742
NA	NA	495
HI	HI	2004
OP	OP	1382
IP	IP	1288
NA	NA	1586
MT	MT	2012
OP	OP	226
NA	NA	534
NA	NA	322
OP	NA	222
IN	IN	1101
OP	OP	77
IN	NA	1336
MT	MT	2063
NA	NA	492
NA	NA	1163
NA	NA	2041
NA	NA	597
NA	NA	1348
IN	IP	1694
NA	NA	1409
IN	IN	937
MT	MT	1213
IN	IN	163
OP	OP	1092
OP	OP	533
IN	IN	1695
MT	MT	165
OP		943
IN	IN	1196
MT	MT	1023
IP	IP	607
IN	IN	2101
MT OP	MT OP	1950
MT OP	MT OP	194
IN	IN	519
MT	MT	1546
MT	MT	1706
ID	IN	317
IP	IP	1673
IP	IP	1168
OP	OP	1898
HI	HI IP	383
IN	IN	591
NA	NA	944
IN	IN	248
NA	NA	1264
HI IN	IN	1245
OP	OP	701
OP	NA IN	1750
NA	ID	1899
MT OP	MT OP	1745
ID	ID	2066
NA	NA	136
OP	OP	712
ID	ID	987
ID	ID	1927
ID	ID	373
ID	ID NA	196
MT OP	MT OP	186
IN	IN	1562
IP	HI	1110
MT	MT	1311
IN	IN	1119
ID	ID	331
LY	OP	1811
OP	IP	1018
NA	NA	76
IN	NA	465
NA	NA	415
ID	ID NA	333
OP	OP	1131
NA	NA	1304
IP	IN IP	201
NA OP	NA	47
IN	IN	1993
IN	NA	1762
NA	NA	1379
ID	IN	865
IN	NA	1846
IN	IN	1979
NA	NA	73
NA	NA	475
ID	ID	359
OP	NA	742
ID	ID OP	789
NA	NA	1058
IP	IP	1565
IN	IN	332
MT	MT	51
NA	NA	2051
IP	IP	963
NA	NA	623
ID HI	HI	929
NA	NA	427
IP	IP	246
ID	ID	885
MT OP	MT OP	1960
NA	NA	59
NA	NA	346
NA	NA	1000
NA	IN	455
NA	NA	1225
NA	NA	1112
NA	NA HI	1721
MT OP	MT OP	1491
ID	ID	2055
NA	NA	1877
IN	IN	305
IN	IN	566
IP	NA IP	1963
NA	NA	1746
IP	IP	946
NA	NA	448
NA	NA	1056
OP	OP	898
NA		1383
NA	NA	2032
NA	NA IN	1767
IN	IN	1485
MT OP	MT OP	1827
LY NA	NA	610
IP	OP	63
NA	NA	1257
OP	OP	1740
IN	NA	266
IP	IP	1036
NA	NA	1934
MT	MT	1980
IP	IP	548
NA	NA	2003
NA	NA	860
OP	OP	2043
MT OP	MT OP	313
OP	OP	1251
NA	NA	1226
NA	NA	1243
OP	OP	675
NA	IN	805
NA	OP	1561
OP	OP	56
IN	IN	2023
IN	IN	1046
IN	NA	1854
MT	MT	1199
IP	IP	558
NA	NA	1094
IN	IN	2113
NA	NA	848
NA	NA	2097
IN	IP	1329
MT	MT	631
IN	IN	377
IN	IN	1905
NA	OP	1385
IN	IN	762
NA	NA	1278
ID	ID	1234
MT	MT	812
ID	ID	289
IN	IN	319
NA	NA	1176
NA	NA	1961
NA	NA	430
HI	IN	486
MT	MT	1402
OP	IP	1814
OP	OP	242
IN	NA	1945
ID	ID	470
MT OP	MT OP	747
NA	NA	620
NA	NA	1624
IP	IP	1489
NA	NA	57
NA	NA	1412
ID	IN	2076
NA	NA	1871
HI	HI	1816
ID	ID	236
IN	IN	750
NA	NA	2027
ID	NA IP	1514
IP	IP	456
MT	MT	1577
NA	NA	1739
IN	NA IP	1556
ID	ID	241
MT	MT	299
IP	NA	491
IN	IN	1761
IP	IP	100
OP	OP	192
ID		2125
NA IN	IN	81
NA	NA	1458
HI IN	HI IN	799
IP	IP	578
IN	NA	1240
IP	IP	452
IN	IP	420
SP NA	NA	404
MT	MT	1605
OP	OP	1913
NA	NA	2090
NA OP	NA	840
IN	IN	371
IN	ID	1227
NA	NA	1416
OP	OP	1763
NA OP	NA	271
IN	IN	1459
NA	NA	891
NA	NA	397
HI	NA	1914
IN	IN	1157
NA	NA	1209
ID	ID	1597
IN	IN	264
MT	MT	2011
ID	ID	739
MT	MT	2123
IN	IN	1317
OP	OP	2053
IP	IP	615
NA	NA	574
MT	MT	1722
NA	NA	337
ID	ID	216
IP	IP	527
MT	MT	1701
NA	NA OP	1108
NA IN	NA	769
IN	IN	1430
HI	IN	1962
NA	IP	1191
ID	NA	841
NA	HI	2052
OP	OP	314
OP	OP	1860
IP	OP	1566
NA	NA	1992
NA	NA	375
ID	OP	1041
ID	NA	2013
OP	OP	1103
ID	ID	601
IN IP	NA IP	101
IP	IP	666
IP	IP	899
IP	IP	882
HI	HI IN	1580
NA	OP	1813
IP	IP	1968
MT	MT	2136
ID	ID	1341
HI	HI	589
MT	MT	199
IN	IN	1504
OP	OP	1700
ID		551
IN	IN	193
NA	NA	153
ID	ID	1401
ID	ID	1599
ID	ID	39
IP	IP	1931
ID	NA	1616
ID NA	NA	444
NA	NA	800
NA	NA	1022
HI	HI	1218
NA	NA	1322
MT	MT	1656
IN	IN	1002
MT	MT	1508
IN	IN	1361
MT	MT	416
MT	MT	1893
IP	IP	335
IP	IP	1410
NA	IP	1779
NA	OP	1891
ID	ID	1921
HI	HI IN	2083
ID	IN	276
ID	ID	1828
MT OP	MT OP	1821
OP	OP	1249
IN	IN	1713
NA IP	NA IP	888
HI IN	HI IN	529
IN	IP	506
MT OP	MT OP	185
MT	MT	1071
OP	IN	925
NA	NA	1006
MT OP	MT OP	342
NA	OP	713
NA	NA	2062
NA	NA	698
OP	OP	839
IP	IP	827
OP	OP	1178
MT OP	MT OP	386
IN	IP	1810
IN	IN	596
IN	IN	587
IP	IP	2108
IP	IP	525
IN	IN	28
NA	NA	443
ID	ID	1198
MT	MT	1064
NA	NA IN	1637
IN	ID	685
IN	NA	1296
ID	ID	654
MT	MT	1557
ID	ID	239
NA	IN	2126
IN	IN	975
ID	ID	278
IN	NA	1901
NA	IN	815
IN	IN	842
IP	IN	1440
NA	NA	1588
NA	NA	1752
NA	NA	1254
MT	MT	2072
IN	NA	1560
IN	IN	871
NA	NA	1964
ID OP	OP	2060
HI	HI	146
IN	NA	258
NA	NA	609
IN	HI	390
ID	IN	595
MT	MT	1510
OP	NA	1281
OP	OP	1550
MT	MT	1915
HI IN	IN	2124
MT	MT	662
IN	IN	1171
OP	OP	1542
IN	IP	1079
MT	MT	129
ID	ID	672
IN	IN	348
MT	MT	796
OP	OP	2039
OP	NA	1524
NA	NA	2050
NA	NA OP	996
IN	IN	1543
IP	IP	958
NA		1621
OP	OP	1882
ID	ID	274
NA	NA	1130
NA	NA	1261
NA	NA	2106
OP	OP	391
ID	ID	1215
MT	IP	1627
MT	MT	613
NA	NA	544
NA	NA	1632
IN	IN	537
NA IN	IN	541
IP	IP	250
NA	OP	140
HI	HI IP	184
OP	OP	1904
OP	OP	1862
NA	NA	398
NA	NA	1048
IN	IN	1769
IN	IN	162
ID NA	ID NA	1456
IN	IN	1370
NA	NA	45
OP	OP	1303
NA	NA	2087
NA	NA	1661
IN	IP	823
ID	ID	1335
NA	NA	1427
MT	MT	1446
IP	IP	1906
OP	OP	1665
OP	OP	513
ID	ID	984
NA	NA	1308
IN	IN	288
IP	OP	928
HI	NA	1796
ID	ID	2054
IP	IP	773
NA	NA	1088
IN	NA IN	1969
NA	NA	1120
OP	OP	1864
OP	NA	1944
IN	IN	765
IN	NA	1073
NA	NA	1059
OP	OP	923
IN	IN	577
MT	MT	593
ID	ID	1007
MT	MT	147
ID	ID	1538
NA IP	NA IP	405
IN	IN	2031
IP	IP	127
MT	MT	614
MT OP	MT OP	1509
OP	NA IP	1142
ID	ID	82
MT	MT	1830
IP	IP	478
IP	IP	1475
IP	IP	1408
HI	HI	402
OP	OP	1337
ID	ID	1681
ID	NA	1874
IN	ID	1570
HI IN	IN	350
NA	NA	1003
HI	HI IN	637
OP	OP	1774
NA	NA	1952
NA	NA	1377
MT OP	MT OP	1922
NA	NA	1609
ID NA	ID	477
NA	NA	1592
NA	NA	1354
MT	MT	480
IN	IN	934
NA	NA	225
IN	IN	1013
NA	NA	653
NA	NA	824
IN IP	IN	395
MT	MT	1313
HI	HI IN	71
NA	NA	473
NA	NA OP	1659
NA	NA	650
NA	NA	205
MT	MT	1051
IP	IP	1272
ID	ID	682
NA	NA	409
OP	IN OP	758
NA	NA	532
IP	IP	25
NA	NA	1442
MT	MT	372
MT	MT	1369
NA	NA	784
MT	MT	2140
HI	HI	1617
NA	NA	756
ID	ID	720
NA	NA	791
IP	IP	1593
NA	NA	1362
IP	IP	1327
NA	NA	253
NA	NA	949
NA	NA	1364
NA	NA	702
OP	OP	1537
MT	MT	1844
NA	NA	1850
IP	NA IP	1239
IN	IP	1
OP	NA	1033
OP	NA	70
ID	ID	1029
NA	NA	906
NA	NA	1067
NA	NA	1658
IP	IP	1406
IP	IP	441
IP	IP	1263
OP	OP	1924
ID		524
NA	NA	2020
NA	NA	2116
MT	MT	1499
IN	IN	2110
SP	NA	1817
IN	NA	240
OP	OP	1618
NA	NA	34
IN	IN	669
MT	MT	1470
NA	NA	243
NA	NA	392
MT	MT	2112
NA	NA	1471
MT	MT	1487
HI	HI	1544
NA	NA	110
IN	NA	1016
SP	OP	1539
NA		1086
IP	NA	6
NA	NA	1594
IP	IP	859
NA	NA	516
NA	NA	1132
NA	NA	1987
IP	IP	1957
NA	NA IN	560
OP	NA	2146
IN	NA	1832
OP	OP	488
NA	NA	24
NA	NA	880
NA	NA	414
MT OP	MT OP	1087
NA IN	IN	957
MT	MT	1878
ID	ID	657
IN	NA	563
MT	MT	2034
MT	MT	939
SP	NA	1622
MT	MT	748
NA	NA	1203
IN	IN	1190
ID	ID	973
MT	MT	950
IN	NA	1126
NA	NA	861
NA	NA	592
NA	NA	1044
NA	NA OP	238
OP	OP	1591
IP	IP	1932
IN IP	NA IP	262
NA	NA	1332
NA HI	NA HI	877
NA	NA	2081
HI	HI	2061
MT	MT	2064
IP	IP	1275
NA	NA	1318
NA	NA	2120
NA	NA	354
NA	NA	1134
NA	OP	206
IN	IN	1680
NA	NA	1153
HI	HI	1338
IN	IN	1390
ID	ID	2029
MT	MT	965
HI IN	IP	64
IP	IP	626
NA	NA	1930
NA	NA	997
IP	IP	1848
NA	NA	269
IN	NA	1160
ID	NA	2128
NA	NA	1314
NA	NA	303
MT	MT	1558
MT	MT	1886
NA	NA	978
MT	MT	1319
NA	NA	1474
IN	IN	717
IP	NA IP	1344
NA	NA	1615
NA IP	NA IP	461
NA	NA	457
NA		1990
NA	NA	2014
ID OP	ID OP	1271
IP	IP	1017
IP	IP	1703
NA	NA	1735
IP	IP	1771
NA	NA	1650
HI IN	HI IN	792
MT	MT	1849
HI	IN	1020
IP	NA	306
OP	OP	2056
OP	OP	1983
NA	NA	629
NA	NA	1172
MT OP	MT OP	353
MT OP	MT OP	484
HI	HI IN	2098
NA	NA	803
OP	OP	1380
NA	NA	617
ID	ID	520
MT OP	MT OP	321
NA	NA	1842
HI	HI	1188
NA	NA	801
MT	MT	1419
OP		1770
NA HI	NA	971
NA	NA	1635
ID	OP	8
OP	OP	733
MT	MT	2130
OP	OP	1343
ID	ID	471
NA		969
NA	NA	2149
IP	IP	1606
IN	IN	1037
HI	HI	1155
MT	MT	1005
MT	MT	1805
MT	MT	977
IN	IN	2071
IP	IP	1716
NA	NA	1497
NA	NA	1141
NA	NA	813
NA	NA	1444
NA	NA	489
ID	ID	229
OP	OP	145
IN	IN	723
NA	NA	817
IP	IP	124
IN	MT	175
IP	NA	2068
IN	NA	1473
IN	IP	294
OP	OP	287
MT	MT	2103
NA	NA	576
IN	IN	1902
IN	NA	1266
NA OP	OP	1540
MT	MT	1785
NA	NA	466
IN	HI	330
NA	NA	203
NA	NA IP	1994
OP	OP	729
IP	IP	1498
NA	NA	753
HI	HI	900
MT	MT	1121
NA	NA	1803
IN	IN	1398
HI	HI IN	1274
NA	NA	1407
NA	NA	952
NA	NA	1773
NA	NA	251
OP	NA	1598
HI	HI	1309
NA	NA	896
IN	IN	778
NA	NA	2015
IP	IP	1268
NA	NA	1118
OP	OP	50
MT	MT	826
IN	IN	2025
IP	IP	1169
OP	IN	1958
MT OP	MT OP	1156
NA	NA	52
NA	IN	1500
HI	HI	265
NA OP	OP	598
ID	ID	66
ID	NA	651
MT	MT	1483
IP	IP	542
NA	NA	1973
HI IN	HI IN	104
ID	NA	103
IP	HI	521
NA	NA	297
IP	NA	1523
NA	NA	715
ID	ID	89
MT	MT	1755
OP	OP	731
NA	NA	450
SP	OP	511
MT	MT	1824
OP	NA	267
MT OP	MT OP	1045
HI	HI	862
ID	ID	974
ID	ID	680
MT	MT	2147
NA	NA	312
OP	OP	307
OP	OP	1396
IP	OP	635
NA	NA	2100
NA	NA	728
IP	IP	1840
NA	NA	630
OP	NA OP	2094
OP	OP	683
NA	NA	270
NA	NA	464
NA	NA	1576
ID	ID	1212
NA	NA	874
NA	NA	1298
IN	IN	1870
NA	NA	1102
NA HI	NA HI	490
SP		893
NA IN	IN	1447
NA	NA	930
IN	NA	1216
SP		112
IN	IP	231
NA	IN	394
IN	IN	1880
ID	ID	920
ID	ID	1970
IN	NA IN	1581
NA	NA	569
MT	MT	875
IP	IP	453
ID	ID	181
IN	NA IN	1534
NA	NA	634
NA	ID NA	116
MT	MT	721
NA	NA	148
MT	MT	1472
NA	NA	709
IN	IN	1360
IP	IP	426
IN	IN	1180
IN	IN	463
IP	NA	1638
NA	NA	1420
MT OP	MT OP	600
NA	NA	2143
OP	OP	1861
IN	IN	1460
NA	NA IP	779
ID	ID	1751
NA	NA	829
MT	MT	2133
NA	NA	988
MT	MT	1935
MT	MT	1241
ID	ID	1140
NA	NA	378
NA	NA	1989
ID	ID	190
MT	MT	1205
IN	NA	670
NA IN	NA IN	1476
NA	NA	744
HI IN	IN	1280
MT	MT	1292
MT	MT	2070
NA	HI	802
NA IN	IN	611
IP	IN	696
NA	NA	708
IP	IP	58
OP	OP	1966
ID	ID	1675
MT	MT	1551
MT	MT	2002
NA	NA	1445
IN	IN	804
NA	NA	1320
HI	IN	835
OP	OP	1699
SP	IN	777
NA	NA	1376
IP	IP	1919
NA	OP	482
NA	NA	2145
IN	IN	37
NA	IN	1768
IP	IP	1640
HI IN	HI IN	1652
NA	NA	362
IP	IP	1875
NA	NA	959
IN	NA	1076
NA	NA	137
ID	ID	400
MT	MT	1411
NA	NA	1872
NA	NA	648
IN	IN	1333
ID	ID	1146
NA	NA	676
IP	IP	1649
IN	IN	1371
IP	IP	1693
NA	NA	385
MT	MT	819
HI	IN	1781
IN	IN	1302
ID	ID	572
NA	NA	1822
IN IP	NA	30
HI	HI	406
NA	NA	55
NA	NA	1328
OP	IN OP	114
ID	ID	624
NA	NA	547
IN	IN	1175
SP	NA	168
MT	MT	1936
MT OP	MT OP	220
OP	IN	1293
NA OP	NA OP	257
IN	IN	1982
IN	IN	438
NA HI	NA	816
NA	NA	7
NA	NA	326
IN	NA OP	921
NA		704
NA	IN	664
OP	OP	932
IP	IP	29
NA	NA	1582
MT	MT	2021
NA	NA	1252
OP	OP	1708
MT	MT	1521
MT	MT	1910
MT	MT	1363
HI	HI IN	1545
ID	ID	1940
OP	NA	1246
NA	NA	412
OP	OP	1068
OP	OP	1589
NA	NA	879
IN	IN	919
IN	NA	667
NA	NA	1235
NA	NA	1148
ID	ID	232
NA	NA	515
OP	OP	913
NA	NA	1809
NA	NA	349
NA	IP	72
IP	IP	195
IN OP	OP	1049
NA OP	IN	1684
NA	NA	1754
NA IN	IN	1941
NA	NA	1723
ID	NA	1062
NA	NA	856
NA	NA	926
NA	NA	594
IN	NA	1788
MT	MT	1748
NA	NA	290
NA	NA	1186
ID OP		210
MT	MT	1564
IN	IN	886
OP	ID	781
NA	NA	487
NA IP	NA IP	1947
IP	IP	962
NA	NA	180
IN	IN	1347
ID	ID	727
IN	IN	1795
ID	ID	2065
MT	MT	121
NA	NA IP	18
IN	IN	2089
IN	IN	142
NA	NA	555
MT	MT	655
IN	IN	1339
NA	NA	774
OP	NA	833
IP	IP	1204
IN	IN	1106
NA	NA	338
SP	IN	2117
MT	MT	1933
NA	NA	476
NA	NA	446
NA	NA	1998
HI IN	HI IN	1415
IP	NA IP	1117
MT OP	MT OP	619
IN	NA	1547
HI	HI IN	1224
NA	NA IP	1743
IN	IN	1310
HI	HI	1223
ID	ID	130
IN	IN	1630
NA IP	NA	22
NA	NA	117
NA	NA	1802
NA	NA	1923
NA	NA	1295
NA	NA	1015
NA	NA	1490
OP	ID	1981
NA	NA	1098
ID	NA	510
NA	NA	588
NA	NA	616
NA HI	NA	794
NA	NA	212
NA	NA	1027
OP	OP	705
IP	IP	738
OP	ID	1451
NA	NA	284
NA	NA	458
NA	NA	1435
IN	IN	643
NA	NA	743
NA	NA	1480
NA	NA	724
OP	NA	108
NA	NA	1959
ID	ID	579
IN	NA IP	1857
MT	MT	992
IP	IN	2016
HI	NA	328
NA	NA	1531
MT	MT	1200
SP		1612
ID	ID	1590
HI	IN	422
ID	ID	105
ID	ID	1757
NA	NA	1090
ID		575
HI	HI	343
NA	NA	931
ID	OP	2095
IP	IP	69
MT	MT	1712
IP	IP	1529
MT OP	MT OP	1042
IN	IN	1595
MT OP	MT OP	2137
NA	NA	872
IN	IN	1651
ID	ID	504
IP	IP	2067
HI	HI	83
IN	NA	1996
NA	NA	1294
IP	IP	832
NA	NA	2122
NA	NA	1099
NA	NA	2026
IP	IP	1552
MT	IP	27
NA IP	NA	1737
IP	IP	340
IP		1388
OP	OP	722
IN	IN	642
IN	IN	1667
NA	NA	26
OP	OP	2127
ID	ID	1892
OP	NA	401
IN	OP	1495
OP	NA	2142
ID	ID	632
NA	NA	1516
NA	NA	968
OP	OP	1820
OP		1386
NA	NA	285
IN	IN	1350
NA	NA	961
NA	NA IP	1384
IP	IP	1299
IP	IP	1187
NA	NA	684
NA	IN	557
IN	NA	179
IN	NA IN	793
NA IP	IP	911
IN	NA	612
MT	MT	167
IN	NA	1065
HI	HI	447
MT	MT	1129
MT	MT	1852
IN	IN	379
OP	OP	1885
IN	HI	1183
IP	IP	252
MT	MT	1496
IP	IP	1222
ID	ID	771
IN	IN	157
NA	NA	889
NA	NA	1001
IP	IP	1792
MT	MT	1896
NA	NA	2058
NA	NA	725
IN	IN	691
MT OP	MT OP	1230
OP	OP	1513
IP	IP	2001
IN	IN	514
IN	IN	1135
NA	NA	1747
IP	OP	98
NA	NA	437
OP	OP	1421
IP	IP	864
OP	OP	814
IP	IP	1438
MT	MT	966
MT	MT	1389
IN	NA	737
IN	IN	599
NA	NA	1177
NA	NA	1008
OP	OP	1484
OP	OP	1731
IP	IP	554
NA	NA	109
NA	NA	474
ID	ID	2018
HI	IN	1584
IP	IP	1825
IN	IN	2118
OP	OP	1797
NA	NA	1692
IN	IN	93
MT	MT	1432
MT	MT	665
OP	OP	993
NA	NA	87
NA	NA	364
NA	NA	1238
IP	IP	79
ID	ID	183
NA	OP	2030
NA	NA	603
MT	MT	679
ID	ID	1977
NA	NA	396
NA IN	IN	766
NA	NA	1111
MT	MT	927
NA	NA	570
OP	OP	700
NA	NA	567
NA	NA	1139
IP	NA	1697
NA	NA	1105
NA	NA	509
IN	IN	897
NA	NA	393
NA	NA	730
IN	IN	2086
OP	OP	1290
NA	NA	1764
ID	ID	1220
IN	IN	1466
OP	OP	1393
MT OP	MT OP	940
IP	IP	954
IP	IP	23
NA	NA	200
IN	NA IN	606
ID	ID	688
IP	IP	1133
OP	NA	1574
IN	IP	821
NA	NA	2033
NA	NA	1365
HI	HI	380
IN	IN	1711
NA	NA	1620
HI	HI	741
MT	MT	1070
OP	OP	749
HI	HI	976
OP	OP	0
IN	IN	2119
NA	NA IP	850
OP	OP	1355
NA	NA	1858
OP	NA	967
NA	NA	334
IP	IP	1629
IN	IN	60
IN	IP	1078
IP	IP	904
ID	ID	1425
NA	NA	755
NA	NA	1217
NA	NA	460
IN	IN	1526
NA	NA	915
NA	NA	538
ID	ID	901
HI	IN	2035
HI	HI	1727
NA	NA	1799
NA	NA	1733
ID	ID	1894
MT	MT	922
NA	NA	468
ID	ID	735
IP	IP	1888
IP	IP	282
IN	IN	1258
IN	NA	152
NA	NA	1418
OP	OP	1291
NA	IN	1696
IP	HI IP	1443
NA	NA	1429
NA	NA	830
HI	HI IN	1468
NA	NA	1744
HI OP	HI IN	228
NA	NA	562
NA	NA	44
IN	IN	883
ID	ID	2046
IN	IN	1057
ID	ID	564
NA	OP	2040
MT OP	MT OP	324
MT	MT	1441
IN	IN	980
MT	MT	2091
IP	IP	990
MT	MT	757
MT	MT	155
NA	NA	1717
ID	ID	914
NA	NA	1654
IN	IN	1988
NA	NA	15
ID	ID	1835
IN	ID	711
IP	IP	790
MT	MT	1149
NA	NA	479
MT OP	MT OP	2141
OP	OP	1719
NA	NA	831
OP	IN	686
NA	NA	847
ID	ID	84
ID	ID	902
NA	NA	1677
OP	OP	88
NA	NA	434
IN	OP	1868
IP	IP	65
HI	IN	1214
ID	ID	1873
NA	NA	1732
NA	NA	1367
MT	MT	983
OP	OP	1426
HI	HI	1124
MT	MT	1644
NA	NA	1014
HI	HI	36
IN IP	NA IP	1984
IP	IP	1083
ID NA	ID NA	149
NA	HI	1403
IN	IN	496
NA IN	IN	573
MT	MT	423
NA	NA	807
ID	ID	16
IN	IN	308
NA	NA	1181
NA	NA	1378
IP	IP	171
OP	OP	1554
IP	IN IP	1909
NA		107
NA	NA	1955
SP	NA	1855
MT OP	MT OP	806
IN	IN	311
SP		1978
ID	ID	703
IN	IN	1115
HI	HI	2093
IN	NA	1532
ID	ID	1741
NA	NA	707
OP	NA	1756
NA	NA	74
HI	HI	2139
OP	NA	1125
IP	IP	1730
NA	NA	2069
NA	NA	1884
IP	IN	1776
ID	ID	550
NA	NA	1349
MT	MT	244
MT	IN	424
IN	HI IN	1819
NA	NA	2006
NA	NA	892
HI	HI IN	35
NA	NA	2092
IP	IP	68
IN	IN	1628
NA	NA	1242
NA	NA	61
NA	IP	545
IN	IN	425
NA	NA	1374
NA	NA	1663
NA	NA	1533
MT	MT	1759
IN	IN	618
IN	IN	408
OP	NA	483
MT	MT	1647
HI IN	HI	1260
ID	NA	808
OP	OP	1025
OP	IN	1685
IN OP	IN	659
MT	MT	2028
NA	NA	1091
ID	NA	1082
IP	IN	1679
IN		785
NA	NA	1259
NA	NA	1325
IN	IN	154
NA IN	NA	647
NA	NA	2148
MT	MT	2138
OP	OP	1030
ID NA	ID NA	374
NA	NA	1315
SP		191
IP	IN	894
HI	HI	640
IP	IP	1165
IP	NA	663
NA	NA	689
HI	IN	1054
ID	NA	768
ID	ID	565
NA	NA	3
IN	IN	1600
NA	NA	21
NA	NA	355
ID	ID	559
ID	ID	1074
ID	ID	543
IN	IN	1765
NA	NA	649
ID	ID	540
HI	IN	1943
NA	NA	851
NA	NA	994
NA	NA	135
MT	MT	1021
LY	OP	352
NA	NA	895
NA	NA	92
HI	IP	1801
OP	OP	1895
HI	HI	1841
ID	ID	1967
ID	ID	857
OP	OP	172
NA	NA	249
NA	NA	1704
OP	ID	1305
MT	MT	1050
OP	OP	46
IN	IN	776
MT	MT	1506
NA	NA	1394
OP	HI	1152
IP	IP	1734
MT	MT	1572
OP	OP	1104
OP	OP	11
NA	NA	1282
NA	NA	323
NA	NA	273
MT	MT	1170
HI	HI IN	144
HI	IP	1167
IN	IN	1806
MT IP	MT	1845
NA	NA	1248
MT	MT	584
NA	NA	481
IN	IN	710
IP	IP	890
OP	NA OP	1461
MT	MT	445
NA	NA	166
IN	IN	972
NA	NA	734
IN	NA	1777
IN	IN	556
NA	NA	1535
IP	IP	1055
NA	NA	1738
NA	NA	639
NA IN	IN	33
NA	NA	1867
MT	MT	1373
ID	NA	604
NA	IN	435
IN	IP	933
MT	MT	1359
NA	NA	230
NA	NA	2049
NA	NA	1097
IN	OP	695
OP	NA	1114
HI	HI	325
IP	IP	1639
MT OP	MT OP	1161
MT	MT	1851
HI	HI IN	277
MT	MT	955
IN	IN	67
NA	NA	14
NA	NA	838
OP	NA	1512
NA	NA	1286
IN	OP	917
NA	NA	247
ID	ID	849
ID	ID	982
NA	NA	1925
ID	ID	399
OP	OP	1340
HI	IP	1375
IN	IN	2036
OP	OP	526
IP	IP	497
IN	IN	1307
IN	IN	2099
NA	NA	552
MT	MT	1604
IN	IP	1095
IP	IP	881
NA	NA	1210
MT	MT	1541
IN	NA	583
HI	NA IN	1690
OP	OP	1063
NA	NA	279
NA	NA	916
IP	IP	217
IN	OP	970
OP	OP	1237
OP	OP	754
IP	IP	2059
NA	NA	1285
NA	NA	1109
HI IN	IP	1392
NA	IP	846
NA	NA	1352
IN	IN	908
NA	NA	2105
IN	IN	75
HI	HI	1975
NA		1009
NA	NA	1920
IN		1853
OP	OP	2000
IN	HI IN	1202
ID OP	IP	2080
OP	ID	1718
NA	NA	1463
ID	IN	1709
NA	NA	345
MT	MT	1455
MT OP	MT OP	512
NA	NA	1040
IN	NA	1985
ID NA	ID NA	96
OP	OP	43
NA	NA	1856
NA	NA	1192
ID	ID	910
NA	NA	1528
IN	IN	2084
NA OP	NA	508
NA HI	ID	1479
IN	IN	493
IN	IP	382
IN	IN	1603
NA	NA	1839
ID	ID	293
MT	MT	522
HI	HI	1530
IN	IN	795
NA	NA	156
NA	NA	1911
NA IP	NA	320
NA		53
OP	OP	580
NA	NA	169
ID	ID	1229
MT OP	MT OP	1052
NA	NA	1928
IN	HI	1330
OP	ID	681
NA	NA	530
OP	OP	546
IN	NA	174
NA	NA	942
OP	ID	115
HI IN	IN	1585
ID	ID	1494
NA	NA	119
IN	NA	633
IN	OP	1452
IP	NA	1273
NA	NA	1953
NA	NA	1991
OP	NA HI	638
ID	ID	627
NA	NA	948
ID	ID	462
IN	IN	54
IN		1912
IN	IN	440
MT	MT	1150
HI IP	IP	1026
NA IP	NA	760
IN	IN	945
MT	IP	356
NA	IN	498
ID	NA	687
IN	IN	1997
OP	OP	1879
IP	HI	280
NA	NA	887
NA	NA	2038
NA	NA	602
MT	MT	1208
IN	NA	1312
MT IP	IN	85
IP	NA	501
IN	IN	431
NA	NA	531
IN	IN	1567
NA		1492
IN	NA	1705
IN	IN	1158
IN	IN	1668
SP		1782
NA	NA	1096
NA	NA	1004
HI IN	HI IN	309
IP	IP	1221
IP	IP	938
MT	MT	1596
MT	MT	1331
NA	NA	517
MT	IN	1511
NA	NA	472
ID	ID	1450
IP	OP	590
IP	IP	1253
HI	HI	1283
IP	IP	1887
IP	IN IP	1366
OP	OP	1465
NA	NA IN	369
ID NA	ID	2115
ID		903
MT	MT	726
NA	NA	1939
ID	ID	1866
NA	NA	2005
IN IP	IN	981
IN	IN	678
ID	ID	467
IN	IN	1956
NA	NA	12
NA	NA	585
NA	NA	20
MT	IN	820
NA	NA	1965
MT	MT	381
MT	MT	1351
IP	OP	13
NA	NA	358
NA	ID	2074
OP	NA	645
OP	OP	1583
ID	ID	1995
OP	NA	1469
HI		1536
NA IP	NA	1672
NA	NA	1974
MT	MT	772
NA	NA	2121
IP	IP	1194
NA	NA	160
ID	ID	5
OP	OP	836
IN	IN	798
MT OP	MT OP	1971
NA	NA	953
ID	NA	641
IN	IN	752
ID	ID	133
OP	OP	360
IP	IP	1686
IP	IP	1951
NA	NA	286
IP	OP	936
IN	IN	139
HI	HI IN	411
IN	IN	951
OP	NA	1413
IP	IP	1182
MT	MT	1457
NA	NA	1648
NA	NA	1423
IN	IN	1831
HI	HI	1954
SP	NA	1948
MT	MT	1262
HI IN	NA	211
MT	MT	223
NA	NA	745
IP	IP	694
OP	OP	1019
NA	NA	788
IP	OP	1698
MT	MT	2150
ID	NA	870
MT	MT	1154
NA	NA IP	1100
MT	MT	439
OP	OP	2047
ID	NA	283
IN IP	IN	4
NA	NA	389
IN	OP	2010
OP	OP	1297
MT	MT	837
MT	MT	1034
NA	NA	38
NA	NA	995
NA	NA	234
NA	NA	1666
HI	IN	2131
NA	NA	1929
NA	NA	2078
NA	NA	170
NA	NA	1085
HI	HI	868
NA	NA	469
OP	IN	1549
MT	MT	2007
OP	OP	227
NA	NA	834
MT	MT	1145
OP	OP	500
NA	NA	692
IN	NA	215
IN	NA	1859
IP	OP	202
IP	IP	1433
NA	NA	507
NA	NA	235
MT	MT	1162
ID	ID	295
NA IN	NA	161
IP	IP	1277
MT OP	MT OP	858
NA	NA	869
ID	OP	1093
IP	IP	1368
NA	NA	1838
NA	NA	272
MT	MT	1724
NA	NA IP	1207
IP	NA IP	1568
IP	IP	122
MT	MT	1610
MT	MT	1477
HI	IN	1728
NA	NA	32
NA	NA	187
IP	NA	1775
IP	NA IP	2114
IP	IP	947
NA	NA	91
MT	MT	1916
NA IN	NA	797
IP	IP	1424
ID	ID	214
ID	ID	1917
MT	MT	336
NA	IN	644
IN	IN	716
NA	NA	1937
NA	NA	417
MT	MT	985
IP	IP	2082
NA	NA	1012
OP	OP	1926
NA	NA	485
MT	MT	1571
NA	IN	363
NA	NA	1197
NA	NA	158
OP	OP	1449
MT	MT	1256
IP	IN	94
NA	NA	866
IN	IN	736
OP	OP	291
IP	IP	989
IN	IN	418
IP	NA	224
ID	ID	1613
NA	NA	41
IN	IN	1481
NA	NA	281
IP	IP	1674
NA	NA	1772
IN	IN	581
MT	MT	1289
MT	MT	1787
OP IP	NA	188
IP		1670
IN	ID	1780
MT	MT	1035
IN	IN	1938
NA	NA	1918
IP	IP	2042
IN	OP	1804
NA IN	IN	1434
ID OP	ID	1147
ID	ID	1069
ID	ID	318
ID	ID	764
ID	ID	1247
IP	IP	1865
IN	HI	1195
IP	IP	660
IP	OP	1890
NA	NA	912
OP		499
ID	ID	1798
NA	OP	1184
OP	OP	1043
IN	IN	259
IN	IN	367
IN	NA	433
MT OP	MT OP	151
IP	HI	1284
NA	NA	568
HI	HI	1428
NA	NA	1334
NA	NA	275
ID	ID	2088
IN	IN	254
IN	NA	646
IN	IN	1569
IN	IN	1815
OP	OP	1399
ID	ID	876
NA	NA	677
IN	IN	2135
NA	NA	1232
NA	NA	549
NA	NA	78
NA	NA	134
NA	NA OP	1123
HI	HI IP	775
NA OP	OP	1122
NA	NA	2075
IP	IP	86
NA	NA	1889
OP	OP	449
IN	IN	301
NA	OP	1702
NA	ID	1710
NA	IN	783
NA	NA	1287
NA IP	NA	428
NA	NA	1387
NA	NA	1976
IP	IP	2022
IN	IN	763
HI	IN	1908
NA	NA	1166
NA	NA	366
MT	IN	810
MT	MT	964
IP	IP	503
OP	OP	1081
NA	IP	1837
ID	ID	1662
IP	IP	123
OP		1714
ID	ID	1502
ID		1522
MT	MT	2134
NA	NA	176
NA	NA	2109
IN	NA	300
IP	IP	368
IN	IN	1024
NA	NA	699
NA	NA IN	159
MT	MT	178
HI		1715
LY	NA	1949
NA	NA	2144
MT	MT	1353
NA	NA	1436
IP	IP	2044
IN	IN	351
NA	NA	1324
MT OP	MT OP	361
SP	NA	150
MT	IN	1729
ID	ID	1080
NA	ID NA	1791
ID	ID	553
IN	IN	518
NA	NA	256
NA	NA	1946
HI	HI IN	1559
MT	MT	1807
SP		197
IP	IP	1060
ID	NA	1608
MT	MT	1206
ID	ID	751
MT OP	MT OP	1323
NA	NA	1897
ID	ID	1179
MT	MT	1219
NA	NA	1127
IP	IP	1400
OP	NA	1032
IN	IN	97
ID	ID	407
NA	NA	1749
NA	NA	1883
IP	IP	1493
HI	HI IN	1555
NA	NA	2
NA	ID	1986
NA	NA	1151
IN	IN	979
NA	NA	1159
IN	IN	822
NA	NA	347
NA	NA	403
NA	NA	1276
IN	IN	2073
NA	NA	1808
HI	HI	132
MT	MT	1189
MT OP	MT OP	714
OP	IN	924
ID	ID	621
IP	IP	310
IN	IN	204
NA	NA	1357
IP	IP	1736
ID	NA	1657
ID	ID	1047
NA	NA	292
IN	IN	1794
MT	MT	1783
ID	ID	432
IP	IP	1517
NA	NA	173
NA	NA	2024
IN	NA	1784
NA IP	NA	442
ID	ID	652
IN	MT	1478
NA	NA	1519
OP	NA	1028
IN	IN	622
ID	ID	237
NA	NA	941
IP	IP	1602
OP	OP	1669
IP	IP	255
IN	IN	863
OP IP	IP	1619
NA	NA	1760
NA	NA	1631
MT	MT	1642
ID	ID	1876
NA	NA	1575
HI	IP	1233
NA	NA	298
OP	OP	1900
NA	NA	605
NA	NA	1676
MT	MT	1836
OP	OP	1405
MT	MT	1689
OP	OP	208
NA	NA	746
MT	MT	1301
ID	HI IN	2104
NA	NA	102
OP	OP	207
ID	ID	384
OP	OP	854
NA	NA	315
MT	MT	1422
NA	NA	1614
NA	NA	1417
OP	OP	2079
MT OP	MT OP	1507
OP	OP	668
MT	MT	1664
MT	MT	1250
IN	IN	1525
NA	NA IP	388
NA	NA	878
MT	MT	2045
MT	MT	1671
NA	NA	1482
IN	IN	189
NA	OP	1903
OP IP	OP	1464
ID NA	NA	2111
NA	NA	884
OP	OP	1345
ID	ID	1758
MT	MT	1847
ID	ID	2107
NA	NA	1601
NA	NA	387
IN	HI IN	131
HI IN	HI	1185
MT	MT	198
MT	MT	2085
IP	IP	999
NA	IN	1623
NA	NA	1843
NA	NA	261
IN	IN	1678
IN	IN	1789
NA	NA	818
NA	NA	263
NA	NA	1270
MT	MT	1786
IP	IP	1863
ID	ID	1358
MT OP	MT OP	177
IN	IN	1645
IN	IN	1520
ID	NA	143
IN	NA IN	218
NA	NA	1869
OP	OP	1812
MT	MT	260
IP		1116
ID	ID	2057
NA	NA	582
IN	IN	1453
NA	NA	561
IP	IP	1790
MT	MT	1553
NA	NA	370
OP	OP	535
NA	NA	586
NA	NA	1395
NA	NA	1467
ID	ID	341
OP	OP	19
IP	IP	1778
IN	IN	113
IN	IN	636
OP	OP	1829
HI	HI	1633
IP	IN	718
NA	NA	1031
NA	NA	1655
